CustomerID,CustomerName,City,Age,Gender
1,Ananya Sharma,Delhi,33,Male
2,Diya Reddy,Coimbatore,23,Female
3,Vihaan Sharma,Bengaluru,31,Male
4,Meera Das,Hyderabad,53,Male
5,Lakshmi Rao,Mumbai,46,Female
6,Aarav Iyer,Vizag,39,Female
7,Diya Gupta,Pune,24,Male
8,Amit Reddy,Pune,40,Female
9,Vihaan Verma,Coimbatore,25,Female
10,Aditya Singh,Delhi,58,Female
11,Vikram Gupta,Bengaluru,20,Male
12,Kavya Reddy,Mumbai,24,Female
13,Priya Verma,Pune,28,Female
14,Rahul Gupta,Delhi,59,Male
15,Nithya Iyer,Coimbatore,33,Male
16,Sneha Rao,Delhi,58,Male
17,Neha Sharma,Mumbai,20,Female
18,Amit Patel,Bengaluru,31,Female
19,Suresh Verma,Vizag,59,Female
20,Diya Patel,Chennai,33,Female
21,Vikram Rao,Kochi,43,Female
22,Ramesh Iyer,Coimbatore,49,Male
23,Vihaan Reddy,Chennai,58,Male
24,Pooja Das,Bengaluru,42,Female
25,Nithya Verma,Coimbatore,34,Male
26,Ananya Singh,Delhi,59,Female
27,Ananya Patel,Vizag,28,Female
28,Aarav Patel,Coimbatore,29,Male
29,Kavya Singh,Kochi,30,Male
30,Rahul Iyer,Coimbatore,51,Male
31,Nithya Naidu,Vijayawada,19,Male
32,Rahul Patel,Mumbai,21,Male
33,Vikram Reddy,Bengaluru,49,Male
34,Lakshmi Iyer,Chennai,60,Female
35,Lakshmi Iyer,Delhi,51,Female
36,Suresh Singh,Mumbai,37,Female
37,Rahul Verma,Coimbatore,46,Male
38,Ramesh Gupta,Bengaluru,39,Male
39,Vikram Singh,Mumbai,55,Male
40,Aarav Reddy,Hyderabad,32,Male
41,Vihaan Naidu,Bengaluru,50,Male
42,Priya Verma,Mumbai,52,Male
43,Vikram Das,Vijayawada,33,Female
44,Pooja Gupta,Bengaluru,24,Female
45,Rahul Rao,Vizag,47,Male
46,Ananya Sharma,Vizag,39,Male
47,Ramesh Gupta,Mumbai,52,Female
48,Diya Rao,Chennai,35,Female
49,Ramesh Reddy,Vijayawada,53,Male
50,Vihaan Singh,Hyderabad,23,Male
51,Karthik Rao,Vijayawada,48,Male
52,Amit Sharma,Chennai,42,Male
53,Amit Patel,Vijayawada,36,Female
54,Lakshmi Verma,Chennai,30,Female
55,Suresh Sharma,Kochi,52,Male
56,Neha Sharma,Hyderabad,55,Female
57,Meera Singh,Chennai,21,Male
58,Karthik Reddy,Kochi,22,Male
59,Amit Reddy,Kochi,33,Male
60,Nithya Reddy,Vizag,60,Female
61,Priya Gupta,Pune,33,Female
62,Amit Iyer,Delhi,47,Female
63,Aditya Sharma,Vijayawada,57,Male
64,Aditya Singh,Mumbai,50,Female
65,Diya Naidu,Bengaluru,33,Female
66,Kavya Iyer,Vijayawada,52,Female
67,Nithya Singh,Hyderabad,60,Female
68,Ananya Iyer,Delhi,25,Male
69,Lakshmi Iyer,Delhi,36,Male
70,Neha Gupta,Delhi,50,Female
71,Priya Sharma,Bengaluru,58,Female
72,Priya Sharma,Hyderabad,39,Male
73,Priya Iyer,Vijayawada,53,Female
74,Lakshmi Sharma,Bengaluru,22,Male
75,Lakshmi Sharma,Pune,55,Male
76,Pooja Iyer,Hyderabad,37,Female
77,Vihaan Naidu,Mumbai,33,Male
78,Rahul Singh,Vizag,57,Male
79,Ramesh Iyer,Chennai,44,Male
80,Karthik Naidu,Vizag,60,Male
81,Priya Iyer,Bengaluru,42,Male
82,Arjun Gupta,Mumbai,47,Female
83,Kavya Gupta,Mumbai,19,Male
84,Amit Naidu,Delhi,22,Female
85,Rahul Singh,Vizag,52,Female
86,Aarav Reddy,Delhi,29,Female
87,Vihaan Reddy,Kochi,45,Female
88,Neha Rao,Kochi,50,Male
89,Amit Das,Mumbai,34,Male
90,Pooja Sharma,Coimbatore,52,Male
91,Rahul Rao,Bengaluru,60,Female
92,Nithya Naidu,Bengaluru,37,Female
93,Pooja Naidu,Vizag,36,Male
94,Suresh Rao,Vizag,29,Female
95,Amit Singh,Hyderabad,37,Female
96,Suresh Rao,Kochi,56,Female
97,Sneha Verma,Vijayawada,31,Female
98,Karthik Reddy,Delhi,50,Female
99,Aditya Gupta,Delhi,32,Male
100,Diya Sharma,Hyderabad,33,Female
101,Nithya Reddy,Vijayawada,44,Male
102,Amit Verma,Vizag,33,Male
103,Aarav Reddy,Vizag,32,Male
104,Meera Verma,Hyderabad,53,Male
105,Ananya Verma,Chennai,47,Female
106,Sneha Das,Coimbatore,45,Female
107,Karthik Verma,Vijayawada,34,Male
108,Priya Singh,Vijayawada,58,Male
109,Priya Verma,Bengaluru,36,Male
110,Priya Naidu,Pune,52,Male
111,Diya Iyer,Mumbai,42,Male
112,Suresh Reddy,Vizag,44,Female
113,Lakshmi Verma,Vizag,21,Male
114,Pooja Rao,Kochi,19,Female
115,Arjun Sharma,Pune,37,Female
116,Pooja Singh,Coimbatore,56,Male
117,Arjun Gupta,Delhi,45,Female
118,Aarav Rao,Pune,60,Female
119,Karthik Verma,Chennai,57,Male
120,Amit Das,Kochi,60,Male
121,Aditya Rao,Chennai,47,Male
122,Vihaan Patel,Vizag,38,Male
123,Sneha Naidu,Pune,42,Female
124,Pooja Patel,Bengaluru,48,Male
125,Lakshmi Sharma,Pune,32,Male
126,Vihaan Sharma,Mumbai,30,Male
127,Nithya Iyer,Mumbai,26,Female
128,Ananya Das,Mumbai,47,Female
129,Rahul Iyer,Kochi,56,Male
130,Karthik Patel,Bengaluru,55,Male
131,Kavya Das,Vizag,43,Male
132,Aditya Das,Mumbai,24,Female
133,Nithya Reddy,Kochi,20,Female
134,Lakshmi Rao,Pune,22,Female
135,Aarav Rao,Vijayawada,24,Female
136,Rahul Verma,Chennai,45,Male
137,Meera Patel,Kochi,52,Female
138,Sneha Rao,Kochi,35,Female
139,Ramesh Reddy,Delhi,46,Male
140,Sneha Das,Kochi,60,Female
141,Neha Sharma,Vijayawada,38,Male
142,Arjun Gupta,Pune,34,Female
143,Priya Das,Delhi,53,Male
144,Meera Gupta,Bengaluru,33,Female
145,Arjun Singh,Mumbai,48,Female
146,Sneha Sharma,Bengaluru,36,Male
147,Amit Gupta,Delhi,60,Female
148,Arjun Singh,Coimbatore,40,Female
149,Lakshmi Naidu,Pune,47,Female
150,Kavya Patel,Mumbai,25,Male
151,Neha Reddy,Coimbatore,29,Male
152,Suresh Verma,Delhi,55,Female
153,Ananya Gupta,Delhi,32,Female
154,Karthik Patel,Hyderabad,52,Male
155,Priya Sharma,Hyderabad,53,Female
156,Diya Verma,Bengaluru,18,Female
157,Arjun Verma,Vijayawada,39,Male
158,Vihaan Patel,Vijayawada,25,Male
159,Amit Verma,Bengaluru,54,Male
160,Diya Iyer,Kochi,37,Male
161,Ramesh Reddy,Coimbatore,44,Male
162,Meera Rao,Vijayawada,46,Female
163,Vikram Rao,Delhi,54,Male
164,Nithya Reddy,Mumbai,58,Male
165,Priya Reddy,Chennai,33,Male
166,Lakshmi Reddy,Chennai,18,Female
167,Sneha Das,Vijayawada,36,Male
168,Ramesh Patel,Delhi,47,Male
169,Ramesh Patel,Kochi,60,Male
170,Pooja Reddy,Coimbatore,32,Male
171,Priya Iyer,Bengaluru,21,Male
172,Kavya Das,Kochi,36,Female
173,Ananya Verma,Delhi,43,Female
174,Meera Singh,Vijayawada,46,Male
175,Nithya Sharma,Vizag,38,Female
176,Aarav Reddy,Mumbai,54,Male
177,Priya Das,Hyderabad,29,Female
178,Meera Verma,Delhi,29,Female
179,Arjun Reddy,Vijayawada,40,Female
180,Neha Naidu,Bengaluru,28,Female
181,Pooja Verma,Delhi,60,Female
182,Lakshmi Sharma,Vijayawada,23,Female
183,Priya Naidu,Bengaluru,43,Male
184,Lakshmi Verma,Vizag,21,Male
185,Meera Naidu,Kochi,49,Female
186,Vihaan Gupta,Delhi,53,Male
187,Kavya Verma,Vijayawada,25,Male
188,Nithya Gupta,Chennai,37,Male
189,Lakshmi Rao,Bengaluru,32,Male
190,Sneha Reddy,Chennai,49,Female
191,Meera Patel,Vizag,48,Female
192,Ramesh Verma,Coimbatore,27,Female
193,Suresh Das,Coimbatore,26,Male
194,Priya Rao,Pune,50,Female
195,Aarav Patel,Delhi,55,Female
196,Diya Verma,Coimbatore,48,Female
197,Neha Singh,Coimbatore,42,Female
198,Neha Gupta,Mumbai,54,Female
199,Ramesh Rao,Hyderabad,38,Female
200,Amit Rao,Chennai,49,Male
201,Diya Singh,Kochi,39,Male
202,Sneha Reddy,Coimbatore,47,Male
203,Diya Rao,Chennai,22,Female
204,Priya Naidu,Kochi,43,Male
205,Neha Singh,Vizag,38,Female
206,Lakshmi Sharma,Kochi,22,Male
207,Kavya Gupta,Bengaluru,45,Male
208,Ananya Verma,Chennai,37,Male
209,Vihaan Naidu,Hyderabad,36,Female
210,Rahul Rao,Chennai,33,Female
211,Vikram Iyer,Chennai,29,Male
212,Nithya Rao,Kochi,33,Female
213,Vikram Iyer,Mumbai,47,Female
214,Sneha Patel,Hyderabad,47,Female
215,Lakshmi Iyer,Bengaluru,46,Female
216,Vikram Patel,Vizag,34,Female
217,Kavya Gupta,Vizag,48,Male
218,Ramesh Rao,Kochi,40,Female
219,Kavya Sharma,Vizag,35,Male
220,Vikram Sharma,Kochi,49,Female
221,Ramesh Das,Pune,32,Male
222,Nithya Patel,Chennai,58,Male
223,Vihaan Patel,Vijayawada,20,Female
224,Diya Reddy,Delhi,38,Female
225,Karthik Gupta,Chennai,52,Female
226,Meera Singh,Delhi,28,Female
227,Arjun Patel,Pune,25,Female
228,Aditya Iyer,Mumbai,43,Female
229,Aditya Rao,Hyderabad,34,Male
230,Sneha Naidu,Delhi,55,Female
231,Rahul Reddy,Mumbai,48,Male
232,Nithya Singh,Pune,57,Male
233,Aditya Verma,Delhi,59,Female
234,Ananya Iyer,Hyderabad,20,Female
235,Arjun Reddy,Bengaluru,33,Male
236,Amit Verma,Pune,60,Female
237,Vikram Iyer,Vizag,59,Male
238,Arjun Das,Vizag,35,Male
239,Rahul Gupta,Vijayawada,46,Male
240,Rahul Reddy,Pune,52,Female
241,Vihaan Rao,Delhi,30,Male
242,Sneha Reddy,Mumbai,59,Male
243,Vihaan Naidu,Mumbai,26,Male
244,Aditya Singh,Mumbai,55,Male
245,Ramesh Naidu,Chennai,56,Male
246,Priya Iyer,Chennai,52,Female
247,Karthik Reddy,Hyderabad,26,Male
248,Rahul Gupta,Kochi,38,Male
249,Karthik Patel,Hyderabad,26,Female
250,Meera Reddy,Bengaluru,48,Female
251,Rahul Singh,Kochi,24,Female
252,Meera Gupta,Kochi,20,Female
253,Sneha Sharma,Hyderabad,48,Female
254,Pooja Reddy,Vijayawada,46,Male
255,Aditya Naidu,Kochi,27,Male
256,Diya Patel,Kochi,58,Female
257,Amit Das,Coimbatore,36,Female
258,Meera Das,Vizag,24,Male
259,Lakshmi Gupta,Vizag,46,Male
260,Pooja Naidu,Vijayawada,43,Female
261,Ananya Naidu,Vizag,38,Female
262,Rahul Iyer,Vijayawada,22,Male
263,Aditya Reddy,Vizag,24,Female
264,Diya Singh,Hyderabad,55,Female
265,Ananya Rao,Pune,60,Female
266,Vihaan Patel,Kochi,37,Female
267,Ananya Das,Coimbatore,31,Male
268,Arjun Gupta,Bengaluru,40,Female
269,Ananya Patel,Kochi,32,Female
270,Lakshmi Das,Kochi,59,Male
271,Nithya Patel,Hyderabad,29,Female
272,Kavya Naidu,Pune,18,Male
273,Diya Das,Vizag,22,Male
274,Aarav Reddy,Coimbatore,31,Female
275,Pooja Verma,Pune,28,Female
276,Kavya Naidu,Kochi,56,Male
277,Vihaan Iyer,Chennai,57,Male
278,Aditya Patel,Vijayawada,60,Female
279,Arjun Das,Vijayawada,44,Female
280,Suresh Singh,Bengaluru,40,Female
281,Ananya Patel,Kochi,49,Female
282,Vihaan Gupta,Vizag,56,Male
283,Aarav Gupta,Delhi,31,Male
284,Priya Patel,Pune,25,Male
285,Arjun Rao,Chennai,26,Female
286,Lakshmi Gupta,Coimbatore,53,Female
287,Aditya Rao,Hyderabad,45,Male
288,Sneha Reddy,Pune,54,Female
289,Vikram Rao,Vizag,36,Male
290,Amit Sharma,Pune,28,Female
291,Rahul Reddy,Vizag,24,Male
292,Pooja Das,Vizag,51,Male
293,Amit Patel,Pune,32,Female
294,Karthik Reddy,Coimbatore,58,Male
295,Meera Singh,Mumbai,40,Female
296,Diya Gupta,Bengaluru,27,Female
297,Suresh Iyer,Kochi,27,Male
298,Karthik Verma,Vijayawada,54,Female
299,Vikram Das,Pune,58,Female
300,Diya Verma,Bengaluru,48,Female
301,Kavya Patel,Kochi,21,Female
302,Meera Reddy,Delhi,47,Female
303,Vihaan Sharma,Pune,36,Male
304,Aditya Das,Kochi,50,Female
305,Sneha Das,Coimbatore,20,Female
306,Vikram Gupta,Pune,56,Female
307,Meera Iyer,Hyderabad,46,Male
308,Neha Reddy,Coimbatore,59,Male
309,Vihaan Gupta,Vijayawada,46,Male
310,Rahul Naidu,Delhi,42,Female
311,Neha Das,Hyderabad,58,Female
312,Aditya Naidu,Bengaluru,53,Female
313,Kavya Patel,Kochi,27,Female
314,Aditya Das,Chennai,40,Female
315,Amit Iyer,Kochi,23,Female
316,Lakshmi Rao,Pune,26,Male
317,Pooja Singh,Pune,19,Female
318,Kavya Iyer,Mumbai,39,Female
319,Suresh Gupta,Chennai,27,Male
320,Kavya Reddy,Coimbatore,52,Male
321,Neha Das,Chennai,56,Female
322,Diya Iyer,Chennai,57,Male
323,Sneha Sharma,Vizag,41,Male
324,Sneha Das,Delhi,46,Male
325,Lakshmi Gupta,Delhi,48,Male
326,Rahul Das,Vijayawada,47,Female
327,Amit Singh,Coimbatore,44,Male
328,Suresh Das,Chennai,34,Male
329,Arjun Naidu,Coimbatore,24,Male
330,Kavya Reddy,Chennai,35,Female
331,Meera Iyer,Vizag,23,Male
332,Sneha Naidu,Hyderabad,44,Male
333,Amit Singh,Pune,33,Female
334,Aditya Naidu,Mumbai,19,Female
335,Ananya Naidu,Chennai,26,Male
336,Kavya Verma,Chennai,48,Female
337,Nithya Sharma,Bengaluru,19,Female
338,Suresh Iyer,Coimbatore,56,Female
339,Ananya Patel,Mumbai,37,Male
340,Vihaan Gupta,Vizag,58,Female
341,Aditya Reddy,Vijayawada,56,Male
342,Meera Das,Mumbai,27,Female
343,Pooja Sharma,Kochi,40,Male
344,Vikram Rao,Chennai,60,Male
345,Meera Naidu,Bengaluru,51,Male
346,Amit Verma,Hyderabad,58,Female
347,Rahul Patel,Hyderabad,40,Male
348,Rahul Gupta,Bengaluru,55,Female
349,Diya Sharma,Pune,52,Female
350,Karthik Verma,Vijayawada,58,Male
351,Diya Reddy,Vijayawada,20,Female
352,Suresh Sharma,Mumbai,20,Female
353,Kavya Singh,Vizag,52,Female
354,Priya Sharma,Mumbai,36,Female
355,Vihaan Naidu,Delhi,25,Female
356,Pooja Rao,Vijayawada,42,Female
357,Karthik Verma,Vijayawada,41,Female
358,Aditya Rao,Bengaluru,45,Male
359,Lakshmi Patel,Pune,24,Male
360,Neha Patel,Delhi,46,Female
361,Karthik Verma,Pune,46,Male
362,Rahul Das,Vizag,35,Male
363,Aditya Rao,Pune,50,Male
364,Aarav Iyer,Kochi,46,Male
365,Diya Reddy,Mumbai,59,Female
366,Rahul Rao,Kochi,20,Male
367,Sneha Naidu,Pune,46,Male
368,Vikram Iyer,Coimbatore,41,Female
369,Neha Patel,Mumbai,25,Male
370,Karthik Verma,Coimbatore,42,Male
371,Priya Patel,Vijayawada,31,Female
372,Arjun Gupta,Bengaluru,26,Male
373,Sneha Iyer,Vijayawada,23,Female
374,Rahul Reddy,Coimbatore,52,Female
375,Kavya Iyer,Chennai,41,Male
376,Ananya Gupta,Chennai,33,Female
377,Aarav Naidu,Coimbatore,54,Female
378,Sneha Singh,Chennai,57,Male
379,Aditya Patel,Vizag,48,Female
380,Pooja Das,Bengaluru,26,Female
381,Aditya Verma,Vijayawada,51,Female
382,Diya Singh,Kochi,29,Male
383,Pooja Singh,Hyderabad,25,Male
384,Kavya Iyer,Chennai,38,Male
385,Rahul Singh,Delhi,23,Female
386,Suresh Singh,Delhi,26,Female
387,Nithya Singh,Bengaluru,50,Male
388,Vikram Das,Chennai,28,Female
389,Vikram Sharma,Hyderabad,23,Male
390,Vikram Patel,Mumbai,54,Female
391,Nithya Sharma,Vijayawada,58,Female
392,Kavya Verma,Mumbai,43,Female
393,Sneha Reddy,Hyderabad,28,Female
394,Pooja Verma,Vijayawada,31,Female
395,Nithya Iyer,Pune,38,Female
396,Amit Iyer,Pune,50,Male
397,Neha Gupta,Vijayawada,25,Female
398,Sneha Gupta,Chennai,24,Male
399,Kavya Rao,Kochi,44,Male
400,Karthik Naidu,Kochi,38,Male
401,Karthik Verma,Coimbatore,47,Female
402,Kavya Verma,Hyderabad,23,Female
403,Meera Verma,Mumbai,31,Female
404,Vihaan Sharma,Delhi,49,Female
405,Kavya Singh,Hyderabad,24,Female
406,Diya Patel,Pune,43,Female
407,Vihaan Rao,Hyderabad,54,Male
408,Rahul Singh,Delhi,22,Female
409,Meera Verma,Coimbatore,35,Male
410,Diya Reddy,Vizag,41,Female
411,Lakshmi Naidu,Chennai,30,Female
412,Meera Sharma,Hyderabad,20,Male
413,Neha Verma,Coimbatore,47,Male
414,Nithya Singh,Chennai,38,Female
415,Karthik Rao,Kochi,37,Female
416,Meera Singh,Coimbatore,49,Female
417,Arjun Sharma,Pune,39,Male
418,Pooja Das,Delhi,58,Male
419,Nithya Verma,Delhi,59,Male
420,Vihaan Das,Vijayawada,28,Female
421,Diya Gupta,Hyderabad,54,Male
422,Suresh Sharma,Vijayawada,38,Female
423,Diya Rao,Mumbai,44,Female
424,Vihaan Iyer,Coimbatore,31,Female
425,Arjun Singh,Vizag,38,Male
426,Sneha Singh,Pune,52,Female
427,Priya Das,Vijayawada,30,Male
428,Priya Singh,Delhi,32,Female
429,Kavya Gupta,Vijayawada,38,Female
430,Rahul Singh,Delhi,36,Male
431,Vikram Singh,Vizag,43,Female
432,Diya Patel,Hyderabad,36,Male
433,Rahul Verma,Delhi,48,Male
434,Suresh Singh,Delhi,53,Female
435,Diya Reddy,Kochi,55,Male
436,Ramesh Sharma,Coimbatore,32,Male
437,Vihaan Reddy,Vizag,39,Female
438,Ananya Iyer,Hyderabad,53,Male
439,Pooja Verma,Vijayawada,59,Male
440,Kavya Naidu,Delhi,59,Male
441,Aditya Das,Mumbai,52,Male
442,Karthik Rao,Chennai,20,Female
443,Arjun Iyer,Delhi,20,Male
444,Kavya Das,Kochi,24,Female
445,Kavya Verma,Coimbatore,51,Female
446,Diya Singh,Vijayawada,35,Male
447,Ananya Naidu,Chennai,47,Female
448,Karthik Sharma,Pune,36,Male
449,Karthik Das,Vizag,45,Female
450,Aditya Rao,Bengaluru,29,Male
451,Arjun Naidu,Mumbai,18,Female
452,Amit Gupta,Vijayawada,35,Female
453,Kavya Das,Kochi,18,Female
454,Rahul Gupta,Hyderabad,60,Male
455,Sneha Patel,Chennai,43,Female
456,Ananya Patel,Pune,57,Male
457,Ramesh Iyer,Vijayawada,27,Female
458,Nithya Naidu,Vizag,53,Female
459,Lakshmi Gupta,Mumbai,56,Male
460,Meera Verma,Coimbatore,41,Male
461,Vikram Reddy,Hyderabad,53,Male
462,Vikram Singh,Chennai,28,Female
463,Meera Verma,Bengaluru,31,Female
464,Aditya Singh,Vijayawada,21,Female
465,Diya Singh,Vizag,47,Male
466,Lakshmi Verma,Delhi,19,Female
467,Priya Sharma,Mumbai,55,Male
468,Vihaan Rao,Pune,22,Male
469,Aditya Verma,Hyderabad,36,Female
470,Karthik Iyer,Vizag,41,Female
471,Sneha Rao,Vizag,23,Male
472,Rahul Reddy,Chennai,52,Female
473,Meera Iyer,Mumbai,18,Male
474,Kavya Verma,Coimbatore,45,Female
475,Ramesh Gupta,Vijayawada,40,Male
476,Priya Gupta,Bengaluru,20,Female
477,Nithya Sharma,Mumbai,31,Male
478,Ananya Das,Hyderabad,46,Male
479,Ramesh Sharma,Vizag,46,Male
480,Lakshmi Gupta,Hyderabad,26,Female
481,Ramesh Das,Pune,54,Female
482,Ramesh Patel,Chennai,60,Male
483,Pooja Patel,Delhi,21,Male
484,Pooja Singh,Vijayawada,21,Female
485,Amit Singh,Pune,44,Female
486,Diya Patel,Vizag,29,Female
487,Ramesh Gupta,Delhi,27,Female
488,Vihaan Singh,Vizag,44,Male
489,Amit Gupta,Delhi,31,Female
490,Aditya Verma,Pune,23,Male
491,Vihaan Patel,Vizag,56,Male
492,Aditya Gupta,Kochi,60,Male
493,Arjun Gupta,Pune,37,Male
494,Suresh Gupta,Bengaluru,48,Male
495,Nithya Gupta,Vizag,33,Female
496,Kavya Rao,Vijayawada,52,Female
497,Kavya Patel,Pune,50,Female
498,Sneha Reddy,Vijayawada,38,Male
499,Rahul Naidu,Vizag,20,Male
500,Diya Sharma,Delhi,53,Female
501,Kavya Iyer,Mumbai,39,Male
502,Amit Das,Mumbai,49,Female
503,Priya Verma,Vijayawada,47,Male
504,Rahul Iyer,Chennai,52,Female
505,Karthik Singh,Hyderabad,51,Male
506,Aditya Sharma,Hyderabad,44,Male
507,Ramesh Reddy,Chennai,18,Male
508,Meera Verma,Pune,21,Female
509,Arjun Sharma,Hyderabad,52,Female
510,Aarav Sharma,Coimbatore,35,Female
511,Aarav Singh,Vizag,29,Male
512,Ananya Singh,Chennai,33,Male
513,Nithya Singh,Delhi,40,Female
514,Amit Reddy,Pune,43,Female
515,Vikram Gupta,Mumbai,37,Male
516,Vihaan Reddy,Vizag,42,Female
517,Lakshmi Verma,Hyderabad,58,Male
518,Karthik Reddy,Vijayawada,45,Female
519,Vikram Reddy,Coimbatore,20,Male
520,Suresh Das,Vijayawada,35,Male
521,Aditya Patel,Coimbatore,54,Male
522,Karthik Naidu,Hyderabad,31,Male
523,Amit Reddy,Delhi,28,Male
524,Vikram Rao,Coimbatore,39,Female
525,Diya Reddy,Coimbatore,40,Male
526,Ananya Rao,Mumbai,22,Female
527,Nithya Das,Kochi,43,Female
528,Aarav Patel,Vijayawada,49,Male
529,Rahul Singh,Vizag,45,Male
530,Vikram Rao,Bengaluru,57,Female
531,Ramesh Reddy,Bengaluru,35,Male
532,Amit Iyer,Vizag,38,Female
533,Ananya Reddy,Hyderabad,37,Female
534,Rahul Patel,Bengaluru,26,Male
535,Karthik Rao,Vijayawada,53,Female
536,Ananya Sharma,Bengaluru,40,Male
537,Nithya Das,Pune,42,Male
538,Kavya Rao,Vizag,23,Male
539,Vikram Singh,Chennai,42,Male
540,Diya Patel,Delhi,35,Female
541,Diya Reddy,Chennai,45,Female
542,Pooja Patel,Vijayawada,22,Female
543,Priya Gupta,Vijayawada,56,Male
544,Sneha Reddy,Chennai,37,Male
545,Amit Naidu,Kochi,42,Female
546,Sneha Naidu,Vizag,59,Male
547,Kavya Naidu,Kochi,30,Female
548,Neha Iyer,Vizag,38,Female
549,Arjun Das,Mumbai,38,Female
550,Priya Rao,Pune,25,Male
551,Vikram Singh,Chennai,53,Male
552,Sneha Gupta,Vijayawada,36,Male
553,Pooja Verma,Chennai,58,Female
554,Ramesh Patel,Chennai,45,Female
555,Aditya Verma,Kochi,48,Female
556,Lakshmi Singh,Vizag,52,Male
557,Rahul Singh,Kochi,58,Male
558,Ananya Gupta,Pune,28,Male
559,Vikram Rao,Pune,45,Male
560,Aarav Reddy,Delhi,32,Male
561,Sneha Naidu,Vizag,47,Male
562,Rahul Sharma,Vijayawada,24,Female
563,Pooja Reddy,Bengaluru,27,Female
564,Kavya Naidu,Vijayawada,31,Female
565,Rahul Verma,Bengaluru,46,Female
566,Neha Reddy,Delhi,20,Male
567,Aarav Naidu,Bengaluru,28,Male
568,Meera Iyer,Coimbatore,28,Female
569,Lakshmi Rao,Vijayawada,32,Female
570,Karthik Iyer,Vizag,43,Male
571,Nithya Gupta,Vijayawada,55,Female
572,Amit Sharma,Mumbai,31,Female
573,Aditya Das,Bengaluru,52,Male
574,Rahul Naidu,Mumbai,47,Male
575,Priya Verma,Coimbatore,58,Female
576,Nithya Rao,Kochi,43,Male
577,Rahul Naidu,Vijayawada,57,Male
578,Kavya Das,Kochi,23,Male
579,Neha Reddy,Mumbai,37,Male
580,Karthik Naidu,Chennai,50,Female
581,Pooja Das,Chennai,54,Female
582,Pooja Iyer,Vijayawada,58,Male
583,Lakshmi Iyer,Vijayawada,36,Male
584,Karthik Naidu,Vijayawada,57,Male
585,Rahul Sharma,Vijayawada,26,Male
586,Amit Singh,Coimbatore,59,Female
587,Pooja Verma,Vizag,46,Female
588,Karthik Reddy,Kochi,19,Male
589,Kavya Sharma,Delhi,32,Female
590,Karthik Verma,Kochi,49,Male
591,Vikram Reddy,Delhi,52,Female
592,Lakshmi Sharma,Vijayawada,52,Male
593,Pooja Reddy,Mumbai,37,Male
594,Sneha Patel,Pune,23,Female
595,Ananya Gupta,Mumbai,55,Female
596,Nithya Rao,Chennai,57,Male
597,Suresh Gupta,Hyderabad,54,Female
598,Lakshmi Patel,Kochi,52,Male
599,Neha Patel,Delhi,54,Female
600,Meera Reddy,Chennai,44,Male
601,Priya Iyer,Chennai,33,Male
602,Neha Gupta,Vizag,49,Male
603,Vikram Patel,Vizag,42,Female
604,Aditya Reddy,Vizag,50,Female
605,Rahul Verma,Vijayawada,38,Male
606,Aditya Verma,Pune,22,Female
607,Suresh Rao,Mumbai,49,Female
608,Neha Patel,Pune,53,Male
609,Vikram Verma,Pune,21,Male
610,Ananya Verma,Hyderabad,25,Male
611,Sneha Verma,Hyderabad,45,Male
612,Diya Patel,Chennai,35,Male
613,Rahul Patel,Bengaluru,41,Male
614,Vihaan Rao,Delhi,32,Female
615,Aditya Reddy,Hyderabad,31,Female
616,Aditya Iyer,Kochi,32,Female
617,Aarav Sharma,Pune,25,Female
618,Diya Verma,Bengaluru,32,Female
619,Aditya Reddy,Bengaluru,38,Female
620,Kavya Iyer,Vizag,26,Male
621,Aditya Singh,Kochi,18,Male
622,Sneha Naidu,Mumbai,58,Male
623,Pooja Das,Vijayawada,31,Male
624,Ananya Iyer,Bengaluru,55,Female
625,Rahul Rao,Pune,26,Male
626,Priya Reddy,Mumbai,53,Female
627,Aarav Patel,Mumbai,51,Male
628,Amit Patel,Hyderabad,33,Female
629,Amit Reddy,Mumbai,49,Male
630,Meera Sharma,Pune,38,Male
631,Amit Das,Vizag,41,Male
632,Arjun Reddy,Hyderabad,55,Male
633,Aarav Patel,Mumbai,20,Male
634,Amit Singh,Delhi,58,Female
635,Pooja Rao,Bengaluru,58,Male
636,Priya Reddy,Delhi,23,Male
637,Diya Singh,Pune,43,Male
638,Kavya Rao,Mumbai,21,Male
639,Aditya Rao,Bengaluru,47,Male
640,Kavya Iyer,Bengaluru,18,Male
641,Aarav Iyer,Vijayawada,40,Female
642,Karthik Naidu,Chennai,35,Male
643,Aarav Naidu,Vizag,35,Male
644,Priya Das,Bengaluru,49,Female
645,Meera Naidu,Hyderabad,49,Male
646,Rahul Iyer,Delhi,24,Male
647,Ramesh Singh,Hyderabad,20,Male
648,Ramesh Sharma,Vijayawada,41,Female
649,Diya Iyer,Hyderabad,53,Female
650,Ramesh Naidu,Mumbai,44,Female
651,Priya Reddy,Kochi,41,Male
652,Meera Sharma,Chennai,32,Male
653,Amit Reddy,Vijayawada,36,Female
654,Neha Reddy,Coimbatore,47,Male
655,Rahul Gupta,Delhi,54,Female
656,Nithya Gupta,Vijayawada,41,Female
657,Suresh Singh,Mumbai,27,Male
658,Pooja Sharma,Mumbai,52,Female
659,Aarav Naidu,Hyderabad,60,Female
660,Kavya Reddy,Mumbai,51,Male
661,Pooja Verma,Hyderabad,27,Female
662,Aditya Sharma,Mumbai,51,Female
663,Rahul Verma,Bengaluru,55,Male
664,Meera Iyer,Vizag,22,Male
665,Pooja Iyer,Mumbai,36,Female
666,Neha Rao,Pune,38,Female
667,Priya Gupta,Bengaluru,30,Male
668,Vikram Reddy,Chennai,24,Male
669,Sneha Verma,Pune,44,Male
670,Lakshmi Naidu,Mumbai,46,Female
671,Sneha Patel,Bengaluru,23,Male
672,Kavya Das,Hyderabad,31,Female
673,Diya Reddy,Mumbai,40,Female
674,Meera Sharma,Delhi,34,Male
675,Aarav Rao,Vijayawada,53,Male
676,Ananya Verma,Bengaluru,26,Male
677,Aarav Sharma,Mumbai,26,Male
678,Amit Naidu,Bengaluru,55,Female
679,Aditya Sharma,Bengaluru,30,Female
680,Diya Reddy,Pune,25,Male
681,Sneha Sharma,Chennai,54,Female
682,Amit Verma,Hyderabad,42,Female
683,Karthik Naidu,Mumbai,29,Female
684,Priya Verma,Chennai,20,Male
685,Kavya Verma,Vizag,53,Female
686,Vihaan Reddy,Delhi,42,Male
687,Pooja Gupta,Coimbatore,33,Male
688,Amit Naidu,Vijayawada,52,Female
689,Rahul Das,Coimbatore,38,Female
690,Priya Iyer,Hyderabad,38,Male
691,Aarav Patel,Hyderabad,48,Female
692,Vikram Gupta,Chennai,24,Male
693,Ramesh Patel,Coimbatore,21,Male
694,Vikram Rao,Pune,29,Male
695,Ramesh Das,Pune,40,Male
696,Rahul Das,Kochi,27,Male
697,Arjun Singh,Delhi,29,Female
698,Vihaan Reddy,Hyderabad,32,Male
699,Aarav Singh,Vijayawada,18,Female
700,Nithya Gupta,Chennai,39,Male
701,Neha Sharma,Hyderabad,27,Male
702,Ananya Singh,Pune,22,Female
703,Amit Das,Bengaluru,39,Female
704,Neha Iyer,Chennai,45,Female
705,Neha Iyer,Coimbatore,57,Female
706,Ramesh Das,Chennai,42,Female
707,Kavya Iyer,Chennai,18,Female
708,Vikram Sharma,Chennai,56,Female
709,Nithya Gupta,Kochi,24,Female
710,Diya Naidu,Bengaluru,33,Female
711,Neha Iyer,Bengaluru,60,Female
712,Sneha Sharma,Delhi,31,Male
713,Aditya Naidu,Delhi,24,Male
714,Vihaan Rao,Vijayawada,44,Male
715,Pooja Verma,Vizag,40,Female
716,Ananya Verma,Kochi,59,Male
717,Karthik Verma,Bengaluru,20,Female
718,Aarav Naidu,Delhi,24,Male
719,Neha Iyer,Vizag,28,Male
720,Lakshmi Reddy,Pune,56,Female
721,Aarav Rao,Chennai,56,Female
722,Karthik Sharma,Bengaluru,39,Male
723,Suresh Rao,Coimbatore,52,Female
724,Kavya Patel,Mumbai,24,Male
725,Amit Das,Coimbatore,49,Male
726,Vihaan Naidu,Hyderabad,45,Male
727,Kavya Das,Vijayawada,30,Male
728,Aarav Gupta,Chennai,58,Female
729,Aditya Verma,Bengaluru,37,Female
730,Arjun Verma,Delhi,23,Female
731,Karthik Naidu,Vizag,41,Male
732,Sneha Sharma,Delhi,46,Female
733,Priya Gupta,Delhi,54,Male
734,Diya Reddy,Bengaluru,60,Female
735,Lakshmi Rao,Kochi,32,Male
736,Amit Singh,Vizag,52,Female
737,Vikram Gupta,Vijayawada,37,Male
738,Amit Sharma,Coimbatore,54,Male
739,Ananya Verma,Chennai,28,Male
740,Suresh Iyer,Hyderabad,45,Male
741,Pooja Gupta,Chennai,56,Female
742,Neha Reddy,Bengaluru,42,Female
743,Lakshmi Naidu,Delhi,51,Female
744,Aarav Das,Kochi,51,Female
745,Ananya Rao,Chennai,27,Male
746,Ananya Das,Bengaluru,36,Female
747,Pooja Patel,Vizag,59,Female
748,Vikram Das,Vijayawada,20,Male
749,Priya Rao,Chennai,57,Female
750,Vihaan Rao,Pune,33,Male
751,Arjun Patel,Pune,19,Female
752,Kavya Patel,Delhi,49,Male
753,Ramesh Iyer,Delhi,46,Female
754,Priya Rao,Kochi,59,Male
755,Suresh Verma,Mumbai,44,Female
756,Meera Naidu,Hyderabad,50,Male
757,Aditya Patel,Coimbatore,43,Male
758,Meera Das,Hyderabad,29,Male
759,Suresh Sharma,Mumbai,20,Female
760,Vihaan Naidu,Mumbai,35,Female
761,Sneha Singh,Vizag,58,Male
762,Aarav Gupta,Pune,49,Female
763,Karthik Verma,Kochi,53,Female
764,Rahul Iyer,Delhi,23,Female
765,Aarav Rao,Hyderabad,28,Male
766,Ramesh Gupta,Mumbai,35,Female
767,Meera Sharma,Hyderabad,48,Male
768,Karthik Das,Hyderabad,32,Female
769,Nithya Patel,Delhi,45,Female
770,Rahul Verma,Delhi,31,Female
771,Kavya Singh,Kochi,43,Male
772,Aarav Singh,Pune,53,Female
773,Kavya Reddy,Vijayawada,22,Female
774,Priya Naidu,Delhi,34,Female
775,Suresh Iyer,Coimbatore,33,Male
776,Nithya Rao,Pune,26,Male
777,Arjun Patel,Delhi,44,Female
778,Amit Sharma,Kochi,54,Male
779,Neha Gupta,Coimbatore,58,Female
780,Rahul Singh,Delhi,28,Male
781,Kavya Reddy,Vijayawada,26,Female
782,Lakshmi Iyer,Pune,59,Male
783,Ramesh Naidu,Mumbai,37,Female
784,Neha Naidu,Delhi,55,Female
785,Sneha Reddy,Vijayawada,21,Male
786,Arjun Gupta,Coimbatore,25,Female
787,Meera Patel,Vizag,21,Male
788,Diya Gupta,Pune,44,Female
789,Diya Naidu,Chennai,23,Female
790,Neha Iyer,Pune,58,Male
791,Aarav Verma,Delhi,31,Male
792,Vikram Iyer,Vijayawada,23,Male
793,Nithya Rao,Vizag,43,Female
794,Arjun Rao,Hyderabad,20,Male
795,Rahul Sharma,Pune,51,Male
796,Aarav Sharma,Mumbai,32,Female
797,Kavya Iyer,Bengaluru,42,Female
798,Karthik Reddy,Hyderabad,37,Female
799,Sneha Singh,Kochi,51,Female
800,Pooja Iyer,Pune,49,Female
801,Suresh Iyer,Vizag,19,Male
802,Ramesh Iyer,Mumbai,19,Male
803,Ananya Naidu,Hyderabad,42,Female
804,Lakshmi Das,Hyderabad,56,Male
805,Ananya Sharma,Hyderabad,25,Female
806,Sneha Rao,Bengaluru,53,Female
807,Arjun Iyer,Mumbai,58,Male
808,Kavya Rao,Bengaluru,60,Female
809,Nithya Das,Chennai,44,Male
810,Meera Das,Bengaluru,36,Male
811,Ananya Verma,Mumbai,56,Male
812,Priya Singh,Mumbai,40,Female
813,Kavya Iyer,Hyderabad,53,Female
814,Suresh Verma,Pune,33,Male
815,Aarav Reddy,Bengaluru,54,Female
816,Diya Reddy,Coimbatore,22,Male
817,Priya Gupta,Vijayawada,36,Female
818,Sneha Sharma,Bengaluru,29,Male
819,Kavya Naidu,Pune,45,Male
820,Ananya Sharma,Hyderabad,26,Male
821,Neha Naidu,Vijayawada,57,Female
822,Aditya Naidu,Pune,29,Male
823,Amit Rao,Vijayawada,35,Female
824,Arjun Rao,Chennai,25,Male
825,Vihaan Iyer,Bengaluru,44,Female
826,Vikram Verma,Chennai,57,Female
827,Rahul Das,Hyderabad,26,Female
828,Arjun Reddy,Vizag,46,Male
829,Aditya Patel,Pune,18,Male
830,Neha Singh,Coimbatore,57,Male
831,Pooja Gupta,Vijayawada,40,Female
832,Diya Singh,Kochi,21,Male
833,Karthik Singh,Vijayawada,49,Male
834,Aditya Verma,Pune,33,Female
835,Priya Sharma,Coimbatore,32,Female
836,Amit Gupta,Bengaluru,47,Female
837,Vikram Verma,Bengaluru,49,Female
838,Neha Reddy,Vijayawada,59,Male
839,Ananya Rao,Vizag,20,Male
840,Aditya Das,Kochi,58,Female
841,Meera Singh,Mumbai,59,Female
842,Neha Naidu,Hyderabad,32,Female
843,Neha Singh,Kochi,56,Female
844,Rahul Verma,Bengaluru,24,Male
845,Aarav Naidu,Pune,58,Female
846,Lakshmi Singh,Pune,24,Male
847,Karthik Verma,Chennai,44,Male
848,Priya Das,Mumbai,30,Male
849,Amit Gupta,Vijayawada,30,Female
850,Ananya Rao,Hyderabad,58,Male
851,Sneha Verma,Kochi,50,Male
852,Arjun Sharma,Coimbatore,21,Female
853,Vikram Verma,Coimbatore,29,Male
854,Diya Reddy,Vizag,60,Female
855,Meera Rao,Vizag,56,Male
856,Priya Rao,Pune,36,Female
857,Diya Iyer,Vizag,56,Female
858,Lakshmi Naidu,Coimbatore,58,Male
859,Suresh Gupta,Kochi,36,Female
860,Diya Iyer,Coimbatore,52,Female
861,Ananya Naidu,Coimbatore,48,Female
862,Lakshmi Patel,Vizag,18,Male
863,Aarav Rao,Chennai,21,Male
864,Suresh Patel,Chennai,36,Female
865,Diya Sharma,Delhi,31,Male
866,Rahul Verma,Bengaluru,57,Male
867,Lakshmi Rao,Mumbai,50,Female
868,Vihaan Rao,Vizag,44,Female
869,Lakshmi Sharma,Hyderabad,34,Male
870,Nithya Verma,Mumbai,58,Female
871,Vikram Singh,Kochi,30,Male
872,Kavya Verma,Chennai,22,Male
873,Karthik Singh,Bengaluru,42,Male
874,Pooja Patel,Coimbatore,34,Male
875,Karthik Das,Delhi,18,Female
876,Sneha Iyer,Hyderabad,27,Female
877,Nithya Sharma,Kochi,60,Female
878,Arjun Das,Coimbatore,40,Male
879,Neha Singh,Mumbai,29,Male
880,Meera Iyer,Vizag,52,Female
881,Aditya Naidu,Mumbai,31,Female
882,Neha Naidu,Delhi,31,Female
883,Lakshmi Sharma,Bengaluru,60,Female
884,Sneha Gupta,Kochi,57,Male
885,Vihaan Naidu,Vizag,25,Female
886,Priya Singh,Delhi,19,Female
887,Meera Singh,Vijayawada,49,Male
888,Kavya Gupta,Pune,50,Male
889,Ananya Iyer,Coimbatore,52,Male
890,Aditya Gupta,Mumbai,45,Male
891,Suresh Singh,Vizag,59,Male
892,Diya Sharma,Vijayawada,39,Male
893,Aditya Reddy,Hyderabad,29,Female
894,Lakshmi Reddy,Kochi,32,Female
895,Pooja Rao,Vijayawada,58,Female
896,Pooja Naidu,Hyderabad,42,Male
897,Lakshmi Sharma,Kochi,22,Male
898,Aditya Naidu,Coimbatore,24,Female
899,Kavya Das,Bengaluru,36,Female
900,Amit Rao,Hyderabad,48,Male
901,Lakshmi Gupta,Chennai,43,Female
902,Diya Patel,Pune,18,Male
903,Ananya Sharma,Hyderabad,54,Female
904,Lakshmi Singh,Bengaluru,37,Male
905,Rahul Gupta,Vizag,59,Male
906,Karthik Iyer,Mumbai,57,Female
907,Suresh Reddy,Chennai,60,Male
908,Lakshmi Verma,Coimbatore,22,Female
909,Aditya Patel,Bengaluru,30,Female
910,Neha Naidu,Chennai,60,Male
911,Ananya Patel,Kochi,22,Male
912,Neha Verma,Vijayawada,39,Female
913,Vikram Iyer,Kochi,54,Female
914,Neha Rao,Chennai,18,Female
915,Ramesh Gupta,Vizag,35,Female
916,Diya Naidu,Vijayawada,47,Female
917,Rahul Patel,Vijayawada,53,Male
918,Karthik Das,Bengaluru,35,Male
919,Lakshmi Gupta,Delhi,58,Male
920,Aditya Sharma,Coimbatore,58,Male
921,Vikram Das,Vizag,55,Male
922,Vihaan Singh,Delhi,52,Female
923,Diya Naidu,Vizag,32,Female
924,Diya Verma,Coimbatore,50,Male
925,Amit Naidu,Coimbatore,18,Male
926,Nithya Iyer,Coimbatore,26,Female
927,Karthik Iyer,Kochi,54,Male
928,Arjun Naidu,Hyderabad,32,Female
929,Ramesh Reddy,Delhi,41,Male
930,Vihaan Gupta,Coimbatore,41,Female
931,Arjun Verma,Hyderabad,20,Female
932,Ananya Singh,Delhi,34,Male
933,Amit Rao,Pune,55,Male
934,Meera Patel,Vizag,32,Female
935,Rahul Naidu,Vijayawada,48,Male
936,Meera Iyer,Vijayawada,28,Male
937,Aditya Singh,Delhi,31,Male
938,Karthik Iyer,Pune,56,Male
939,Ramesh Rao,Pune,25,Female
940,Arjun Verma,Mumbai,55,Male
941,Pooja Sharma,Mumbai,20,Male
942,Vikram Das,Chennai,26,Male
943,Vikram Iyer,Hyderabad,28,Female
944,Karthik Singh,Vizag,56,Male
945,Kavya Reddy,Mumbai,46,Female
946,Arjun Iyer,Mumbai,44,Male
947,Vikram Iyer,Kochi,60,Female
948,Karthik Naidu,Vijayawada,56,Male
949,Ramesh Rao,Vizag,26,Male
950,Aarav Gupta,Coimbatore,50,Female
951,Diya Das,Bengaluru,29,Female
952,Nithya Das,Hyderabad,52,Male
953,Aditya Verma,Chennai,56,Male
954,Pooja Singh,Vizag,41,Male
955,Meera Rao,Mumbai,48,Female
956,Rahul Das,Kochi,24,Female
957,Diya Patel,Vijayawada,32,Male
958,Kavya Das,Coimbatore,44,Female
959,Suresh Sharma,Hyderabad,54,Male
960,Meera Sharma,Vizag,59,Male
961,Neha Rao,Pune,24,Male
962,Pooja Das,Delhi,34,Female
963,Vikram Naidu,Kochi,35,Female
964,Suresh Rao,Coimbatore,53,Female
965,Karthik Naidu,Coimbatore,53,Female
966,Priya Patel,Kochi,40,Female
967,Diya Reddy,Mumbai,46,Male
968,Ananya Gupta,Coimbatore,43,Female
969,Lakshmi Das,Hyderabad,28,Female
970,Aarav Reddy,Chennai,48,Female
971,Aditya Reddy,Delhi,32,Female
972,Aditya Das,Hyderabad,42,Female
973,Nithya Singh,Delhi,56,Male
974,Karthik Verma,Vijayawada,18,Male
975,Meera Patel,Mumbai,20,Male
976,Nithya Iyer,Hyderabad,41,Male
977,Aarav Iyer,Bengaluru,35,Female
978,Rahul Rao,Vizag,55,Male
979,Meera Sharma,Bengaluru,23,Female
980,Lakshmi Das,Pune,40,Female
981,Ramesh Das,Mumbai,47,Female
982,Vikram Sharma,Delhi,29,Female
983,Meera Reddy,Coimbatore,22,Female
984,Neha Reddy,Coimbatore,34,Female
985,Sneha Rao,Kochi,48,Male
986,Neha Verma,Vijayawada,55,Male
987,Arjun Reddy,Delhi,22,Female
988,Ramesh Gupta,Pune,44,Female
989,Meera Singh,Hyderabad,34,Male
990,Kavya Reddy,Vizag,39,Male
991,Lakshmi Iyer,Vijayawada,38,Female
992,Suresh Das,Delhi,29,Male
993,Arjun Gupta,Mumbai,33,Female
994,Suresh Gupta,Mumbai,33,Female
995,Diya Reddy,Bengaluru,23,Female
996,Nithya Sharma,Coimbatore,20,Female
997,Rahul Das,Pune,49,Female
998,Arjun Iyer,Coimbatore,35,Female
999,Ramesh Das,Chennai,21,Female
1000,Arjun Singh,Hyderabad,50,Female
