CustomerID,City,Age,Gender,full_name,timestamp_raw,extra_notes
1,Delhi,33,Male,Ananya Sharma,2025/11/01 10:22:00,N/A
2,Coimbatore,23,Female,Diya Reddy,2025/11/01 10:22:00,N/A
3,Bengaluru,31,Male,Vihaan Sharma,2025/11/01 10:22:00,N/A
4,Hyderabad,53,Male,Meera Das,2025/11/01 10:22:00,N/A
5,Mumbai,46,Female,Lakshmi Rao,2025/11/01 10:22:00,N/A
6,Vizag,39,Female,Aarav Iyer,2025/11/01 10:22:00,N/A
7,Pune,24,Male,Diya Gupta,2025/11/01 10:22:00,N/A
8,Pune,40,Female,Amit Reddy,2025/11/01 10:22:00,N/A
9,Coimbatore,25,Female,Vihaan Verma,2025/11/01 10:22:00,N/A
10,Delhi,58,Female,Aditya Singh,2025/11/01 10:22:00,N/A
11,Bengaluru,20,Male,Vikram Gupta,2025/11/01 10:22:00,N/A
12,Mumbai,24,Female,Kavya Reddy,2025/11/01 10:22:00,N/A
13,Pune,28,Female,Priya Verma,2025/11/01 10:22:00,N/A
14,Delhi,59,Male,Rahul Gupta,2025/11/01 10:22:00,N/A
15,Coimbatore,33,Male,Nithya Iyer,2025/11/01 10:22:00,N/A
16,Delhi,58,Male,Sneha Rao,2025/11/01 10:22:00,N/A
17,Mumbai,20,Female,Neha Sharma,2025/11/01 10:22:00,N/A
18,Bengaluru,31,Female,Amit Patel,2025/11/01 10:22:00,N/A
19,Vizag,59,Female,Suresh Verma,2025/11/01 10:22:00,N/A
20,Chennai,33,Female,Diya Patel,2025/11/01 10:22:00,N/A
21,Kochi,43,Female,Vikram Rao,2025/11/01 10:22:00,N/A
22,Coimbatore,49,Male,Ramesh Iyer,2025/11/01 10:22:00,N/A
23,Chennai,58,Male,Vihaan Reddy,2025/11/01 10:22:00,N/A
24,Bengaluru,42,Female,Pooja Das,2025/11/01 10:22:00,N/A
25,Coimbatore,34,Male,Nithya Verma,2025/11/01 10:22:00,N/A
26,Delhi,59,Female,Ananya Singh,2025/11/01 10:22:00,N/A
27,Vizag,28,Female,Ananya Patel,2025/11/01 10:22:00,N/A
28,Coimbatore,29,Male,Aarav Patel,2025/11/01 10:22:00,N/A
29,Kochi,30,Male,Kavya Singh,2025/11/01 10:22:00,N/A
30,Coimbatore,51,Male,Rahul Iyer,2025/11/01 10:22:00,N/A
31,Vijayawada,19,Male,Nithya Naidu,2025/11/01 10:22:00,N/A
32,Mumbai,21,Male,Rahul Patel,2025/11/01 10:22:00,N/A
33,Bengaluru,49,Male,Vikram Reddy,2025/11/01 10:22:00,N/A
34,Chennai,60,Female,Lakshmi Iyer,2025/11/01 10:22:00,N/A
35,Delhi,51,Female,Lakshmi Iyer,2025/11/01 10:22:00,N/A
36,Mumbai,37,Female,Suresh Singh,2025/11/01 10:22:00,N/A
37,Coimbatore,46,Male,Rahul Verma,2025/11/01 10:22:00,N/A
38,Bengaluru,39,Male,Ramesh Gupta,2025/11/01 10:22:00,N/A
39,Mumbai,55,Male,Vikram Singh,2025/11/01 10:22:00,N/A
40,Hyderabad,32,Male,Aarav Reddy,2025/11/01 10:22:00,N/A
41,Bengaluru,50,Male,Vihaan Naidu,2025/11/01 10:22:00,N/A
42,Mumbai,52,Male,Priya Verma,2025/11/01 10:22:00,N/A
43,Vijayawada,33,Female,Vikram Das,2025/11/01 10:22:00,N/A
44,Bengaluru,24,Female,Pooja Gupta,2025/11/01 10:22:00,N/A
45,Vizag,47,Male,Rahul Rao,2025/11/01 10:22:00,N/A
46,Vizag,39,Male,Ananya Sharma,2025/11/01 10:22:00,N/A
47,Mumbai,52,Female,Ramesh Gupta,2025/11/01 10:22:00,N/A
48,Chennai,35,Female,Diya Rao,2025/11/01 10:22:00,N/A
49,Vijayawada,53,Male,Ramesh Reddy,2025/11/01 10:22:00,N/A
50,Hyderabad,23,Male,Vihaan Singh,2025/11/01 10:22:00,N/A
51,Vijayawada,48,Male,Karthik Rao,2025/11/01 10:22:00,N/A
52,Chennai,42,Male,Amit Sharma,2025/11/01 10:22:00,N/A
53,Vijayawada,36,Female,Amit Patel,2025/11/01 10:22:00,N/A
54,Chennai,30,Female,Lakshmi Verma,2025/11/01 10:22:00,N/A
55,Kochi,52,Male,Suresh Sharma,2025/11/01 10:22:00,N/A
56,Hyderabad,55,Female,Neha Sharma,2025/11/01 10:22:00,N/A
57,Chennai,21,Male,Meera Singh,2025/11/01 10:22:00,N/A
58,Kochi,22,Male,Karthik Reddy,2025/11/01 10:22:00,N/A
59,Kochi,33,Male,Amit Reddy,2025/11/01 10:22:00,N/A
60,Vizag,60,Female,Nithya Reddy,2025/11/01 10:22:00,N/A
61,Pune,33,Female,Priya Gupta,2025/11/01 10:22:00,N/A
62,Delhi,47,Female,Amit Iyer,2025/11/01 10:22:00,N/A
63,Vijayawada,57,Male,Aditya Sharma,2025/11/01 10:22:00,N/A
64,Mumbai,50,Female,Aditya Singh,2025/11/01 10:22:00,N/A
65,Bengaluru,33,Female,Diya Naidu,2025/11/01 10:22:00,N/A
66,Vijayawada,52,Female,Kavya Iyer,2025/11/01 10:22:00,N/A
67,Hyderabad,60,Female,Nithya Singh,2025/11/01 10:22:00,N/A
68,Delhi,25,Male,Ananya Iyer,2025/11/01 10:22:00,N/A
69,Delhi,36,Male,Lakshmi Iyer,2025/11/01 10:22:00,N/A
70,Delhi,50,Female,Neha Gupta,2025/11/01 10:22:00,N/A
71,Bengaluru,58,Female,Priya Sharma,2025/11/01 10:22:00,N/A
72,Hyderabad,39,Male,Priya Sharma,2025/11/01 10:22:00,N/A
73,Vijayawada,53,Female,Priya Iyer,2025/11/01 10:22:00,N/A
74,Bengaluru,22,Male,Lakshmi Sharma,2025/11/01 10:22:00,N/A
75,Pune,55,Male,Lakshmi Sharma,2025/11/01 10:22:00,N/A
76,Hyderabad,37,Female,Pooja Iyer,2025/11/01 10:22:00,N/A
77,Mumbai,33,Male,Vihaan Naidu,2025/11/01 10:22:00,N/A
78,Vizag,57,Male,Rahul Singh,2025/11/01 10:22:00,N/A
79,Chennai,44,Male,Ramesh Iyer,2025/11/01 10:22:00,N/A
80,Vizag,60,Male,Karthik Naidu,2025/11/01 10:22:00,N/A
81,Bengaluru,42,Male,Priya Iyer,2025/11/01 10:22:00,N/A
82,Mumbai,47,Female,Arjun Gupta,2025/11/01 10:22:00,N/A
83,Mumbai,19,Male,Kavya Gupta,2025/11/01 10:22:00,N/A
84,Delhi,22,Female,Amit Naidu,2025/11/01 10:22:00,N/A
85,Vizag,52,Female,Rahul Singh,2025/11/01 10:22:00,N/A
86,Delhi,29,Female,Aarav Reddy,2025/11/01 10:22:00,N/A
87,Kochi,45,Female,Vihaan Reddy,2025/11/01 10:22:00,N/A
88,Kochi,50,Male,Neha Rao,2025/11/01 10:22:00,N/A
89,Mumbai,34,Male,Amit Das,2025/11/01 10:22:00,N/A
90,Coimbatore,52,Male,Pooja Sharma,2025/11/01 10:22:00,N/A
91,Bengaluru,60,Female,Rahul Rao,2025/11/01 10:22:00,N/A
92,Bengaluru,37,Female,Nithya Naidu,2025/11/01 10:22:00,N/A
93,Vizag,36,Male,Pooja Naidu,2025/11/01 10:22:00,N/A
94,Vizag,29,Female,Suresh Rao,2025/11/01 10:22:00,N/A
95,Hyderabad,37,Female,Amit Singh,2025/11/01 10:22:00,N/A
96,Kochi,56,Female,Suresh Rao,2025/11/01 10:22:00,N/A
97,Vijayawada,31,Female,Sneha Verma,2025/11/01 10:22:00,N/A
98,Delhi,50,Female,Karthik Reddy,2025/11/01 10:22:00,N/A
99,Delhi,32,Male,Aditya Gupta,2025/11/01 10:22:00,N/A
100,Hyderabad,33,Female,Diya Sharma,2025/11/01 10:22:00,N/A
101,Vijayawada,44,Male,Nithya Reddy,2025/11/01 10:22:00,N/A
102,Vizag,33,Male,Amit Verma,2025/11/01 10:22:00,N/A
103,Vizag,32,Male,Aarav Reddy,2025/11/01 10:22:00,N/A
104,Hyderabad,53,Male,Meera Verma,2025/11/01 10:22:00,N/A
105,Chennai,47,Female,Ananya Verma,2025/11/01 10:22:00,N/A
106,Coimbatore,45,Female,Sneha Das,2025/11/01 10:22:00,N/A
107,Vijayawada,34,Male,Karthik Verma,2025/11/01 10:22:00,N/A
108,Vijayawada,58,Male,Priya Singh,2025/11/01 10:22:00,N/A
109,Bengaluru,36,Male,Priya Verma,2025/11/01 10:22:00,N/A
110,Pune,52,Male,Priya Naidu,2025/11/01 10:22:00,N/A
111,Mumbai,42,Male,Diya Iyer,2025/11/01 10:22:00,N/A
112,Vizag,44,Female,Suresh Reddy,2025/11/01 10:22:00,N/A
113,Vizag,21,Male,Lakshmi Verma,2025/11/01 10:22:00,N/A
114,Kochi,19,Female,Pooja Rao,2025/11/01 10:22:00,N/A
115,Pune,37,Female,Arjun Sharma,2025/11/01 10:22:00,N/A
116,Coimbatore,56,Male,Pooja Singh,2025/11/01 10:22:00,N/A
117,Delhi,45,Female,Arjun Gupta,2025/11/01 10:22:00,N/A
118,Pune,60,Female,Aarav Rao,2025/11/01 10:22:00,N/A
119,Chennai,57,Male,Karthik Verma,2025/11/01 10:22:00,N/A
120,Kochi,60,Male,Amit Das,2025/11/01 10:22:00,N/A
121,Chennai,47,Male,Aditya Rao,2025/11/01 10:22:00,N/A
122,Vizag,38,Male,Vihaan Patel,2025/11/01 10:22:00,N/A
123,Pune,42,Female,Sneha Naidu,2025/11/01 10:22:00,N/A
124,Bengaluru,48,Male,Pooja Patel,2025/11/01 10:22:00,N/A
125,Pune,32,Male,Lakshmi Sharma,2025/11/01 10:22:00,N/A
126,Mumbai,30,Male,Vihaan Sharma,2025/11/01 10:22:00,N/A
127,Mumbai,26,Female,Nithya Iyer,2025/11/01 10:22:00,N/A
128,Mumbai,47,Female,Ananya Das,2025/11/01 10:22:00,N/A
129,Kochi,56,Male,Rahul Iyer,2025/11/01 10:22:00,N/A
130,Bengaluru,55,Male,Karthik Patel,2025/11/01 10:22:00,N/A
131,Vizag,43,Male,Kavya Das,2025/11/01 10:22:00,N/A
132,Mumbai,24,Female,Aditya Das,2025/11/01 10:22:00,N/A
133,Kochi,20,Female,Nithya Reddy,2025/11/01 10:22:00,N/A
134,Pune,22,Female,Lakshmi Rao,2025/11/01 10:22:00,N/A
135,Vijayawada,24,Female,Aarav Rao,2025/11/01 10:22:00,N/A
136,Chennai,45,Male,Rahul Verma,2025/11/01 10:22:00,N/A
137,Kochi,52,Female,Meera Patel,2025/11/01 10:22:00,N/A
138,Kochi,35,Female,Sneha Rao,2025/11/01 10:22:00,N/A
139,Delhi,46,Male,Ramesh Reddy,2025/11/01 10:22:00,N/A
140,Kochi,60,Female,Sneha Das,2025/11/01 10:22:00,N/A
141,Vijayawada,38,Male,Neha Sharma,2025/11/01 10:22:00,N/A
142,Pune,34,Female,Arjun Gupta,2025/11/01 10:22:00,N/A
143,Delhi,53,Male,Priya Das,2025/11/01 10:22:00,N/A
144,Bengaluru,33,Female,Meera Gupta,2025/11/01 10:22:00,N/A
145,Mumbai,48,Female,Arjun Singh,2025/11/01 10:22:00,N/A
146,Bengaluru,36,Male,Sneha Sharma,2025/11/01 10:22:00,N/A
147,Delhi,60,Female,Amit Gupta,2025/11/01 10:22:00,N/A
148,Coimbatore,40,Female,Arjun Singh,2025/11/01 10:22:00,N/A
149,Pune,47,Female,Lakshmi Naidu,2025/11/01 10:22:00,N/A
150,Mumbai,25,Male,Kavya Patel,2025/11/01 10:22:00,N/A
151,Coimbatore,29,Male,Neha Reddy,2025/11/01 10:22:00,N/A
152,Delhi,55,Female,Suresh Verma,2025/11/01 10:22:00,N/A
153,Delhi,32,Female,Ananya Gupta,2025/11/01 10:22:00,N/A
154,Hyderabad,52,Male,Karthik Patel,2025/11/01 10:22:00,N/A
155,Hyderabad,53,Female,Priya Sharma,2025/11/01 10:22:00,N/A
156,Bengaluru,18,Female,Diya Verma,2025/11/01 10:22:00,N/A
157,Vijayawada,39,Male,Arjun Verma,2025/11/01 10:22:00,N/A
158,Vijayawada,25,Male,Vihaan Patel,2025/11/01 10:22:00,N/A
159,Bengaluru,54,Male,Amit Verma,2025/11/01 10:22:00,N/A
160,Kochi,37,Male,Diya Iyer,2025/11/01 10:22:00,N/A
161,Coimbatore,44,Male,Ramesh Reddy,2025/11/01 10:22:00,N/A
162,Vijayawada,46,Female,Meera Rao,2025/11/01 10:22:00,N/A
163,Delhi,54,Male,Vikram Rao,2025/11/01 10:22:00,N/A
164,Mumbai,58,Male,Nithya Reddy,2025/11/01 10:22:00,N/A
165,Chennai,33,Male,Priya Reddy,2025/11/01 10:22:00,N/A
166,Chennai,18,Female,Lakshmi Reddy,2025/11/01 10:22:00,N/A
167,Vijayawada,36,Male,Sneha Das,2025/11/01 10:22:00,N/A
168,Delhi,47,Male,Ramesh Patel,2025/11/01 10:22:00,N/A
169,Kochi,60,Male,Ramesh Patel,2025/11/01 10:22:00,N/A
170,Coimbatore,32,Male,Pooja Reddy,2025/11/01 10:22:00,N/A
171,Bengaluru,21,Male,Priya Iyer,2025/11/01 10:22:00,N/A
172,Kochi,36,Female,Kavya Das,2025/11/01 10:22:00,N/A
173,Delhi,43,Female,Ananya Verma,2025/11/01 10:22:00,N/A
174,Vijayawada,46,Male,Meera Singh,2025/11/01 10:22:00,N/A
175,Vizag,38,Female,Nithya Sharma,2025/11/01 10:22:00,N/A
176,Mumbai,54,Male,Aarav Reddy,2025/11/01 10:22:00,N/A
177,Hyderabad,29,Female,Priya Das,2025/11/01 10:22:00,N/A
178,Delhi,29,Female,Meera Verma,2025/11/01 10:22:00,N/A
179,Vijayawada,40,Female,Arjun Reddy,2025/11/01 10:22:00,N/A
180,Bengaluru,28,Female,Neha Naidu,2025/11/01 10:22:00,N/A
181,Delhi,60,Female,Pooja Verma,2025/11/01 10:22:00,N/A
182,Vijayawada,23,Female,Lakshmi Sharma,2025/11/01 10:22:00,N/A
183,Bengaluru,43,Male,Priya Naidu,2025/11/01 10:22:00,N/A
184,Vizag,21,Male,Lakshmi Verma,2025/11/01 10:22:00,N/A
185,Kochi,49,Female,Meera Naidu,2025/11/01 10:22:00,N/A
186,Delhi,53,Male,Vihaan Gupta,2025/11/01 10:22:00,N/A
187,Vijayawada,25,Male,Kavya Verma,2025/11/01 10:22:00,N/A
188,Chennai,37,Male,Nithya Gupta,2025/11/01 10:22:00,N/A
189,Bengaluru,32,Male,Lakshmi Rao,2025/11/01 10:22:00,N/A
190,Chennai,49,Female,Sneha Reddy,2025/11/01 10:22:00,N/A
191,Vizag,48,Female,Meera Patel,2025/11/01 10:22:00,N/A
192,Coimbatore,27,Female,Ramesh Verma,2025/11/01 10:22:00,N/A
193,Coimbatore,26,Male,Suresh Das,2025/11/01 10:22:00,N/A
194,Pune,50,Female,Priya Rao,2025/11/01 10:22:00,N/A
195,Delhi,55,Female,Aarav Patel,2025/11/01 10:22:00,N/A
196,Coimbatore,48,Female,Diya Verma,2025/11/01 10:22:00,N/A
197,Coimbatore,42,Female,Neha Singh,2025/11/01 10:22:00,N/A
198,Mumbai,54,Female,Neha Gupta,2025/11/01 10:22:00,N/A
199,Hyderabad,38,Female,Ramesh Rao,2025/11/01 10:22:00,N/A
200,Chennai,49,Male,Amit Rao,2025/11/01 10:22:00,N/A
201,Kochi,39,Male,Diya Singh,2025/11/01 10:22:00,N/A
202,Coimbatore,47,Male,Sneha Reddy,2025/11/01 10:22:00,N/A
203,Chennai,22,Female,Diya Rao,2025/11/01 10:22:00,N/A
204,Kochi,43,Male,Priya Naidu,2025/11/01 10:22:00,N/A
205,Vizag,38,Female,Neha Singh,2025/11/01 10:22:00,N/A
206,Kochi,22,Male,Lakshmi Sharma,2025/11/01 10:22:00,N/A
207,Bengaluru,45,Male,Kavya Gupta,2025/11/01 10:22:00,N/A
208,Chennai,37,Male,Ananya Verma,2025/11/01 10:22:00,N/A
209,Hyderabad,36,Female,Vihaan Naidu,2025/11/01 10:22:00,N/A
210,Chennai,33,Female,Rahul Rao,2025/11/01 10:22:00,N/A
211,Chennai,29,Male,Vikram Iyer,2025/11/01 10:22:00,N/A
212,Kochi,33,Female,Nithya Rao,2025/11/01 10:22:00,N/A
213,Mumbai,47,Female,Vikram Iyer,2025/11/01 10:22:00,N/A
214,Hyderabad,47,Female,Sneha Patel,2025/11/01 10:22:00,N/A
215,Bengaluru,46,Female,Lakshmi Iyer,2025/11/01 10:22:00,N/A
216,Vizag,34,Female,Vikram Patel,2025/11/01 10:22:00,N/A
217,Vizag,48,Male,Kavya Gupta,2025/11/01 10:22:00,N/A
218,Kochi,40,Female,Ramesh Rao,2025/11/01 10:22:00,N/A
219,Vizag,35,Male,Kavya Sharma,2025/11/01 10:22:00,N/A
220,Kochi,49,Female,Vikram Sharma,2025/11/01 10:22:00,N/A
221,Pune,32,Male,Ramesh Das,2025/11/01 10:22:00,N/A
222,Chennai,58,Male,Nithya Patel,2025/11/01 10:22:00,N/A
223,Vijayawada,20,Female,Vihaan Patel,2025/11/01 10:22:00,N/A
224,Delhi,38,Female,Diya Reddy,2025/11/01 10:22:00,N/A
225,Chennai,52,Female,Karthik Gupta,2025/11/01 10:22:00,N/A
226,Delhi,28,Female,Meera Singh,2025/11/01 10:22:00,N/A
227,Pune,25,Female,Arjun Patel,2025/11/01 10:22:00,N/A
228,Mumbai,43,Female,Aditya Iyer,2025/11/01 10:22:00,N/A
229,Hyderabad,34,Male,Aditya Rao,2025/11/01 10:22:00,N/A
230,Delhi,55,Female,Sneha Naidu,2025/11/01 10:22:00,N/A
231,Mumbai,48,Male,Rahul Reddy,2025/11/01 10:22:00,N/A
232,Pune,57,Male,Nithya Singh,2025/11/01 10:22:00,N/A
233,Delhi,59,Female,Aditya Verma,2025/11/01 10:22:00,N/A
234,Hyderabad,20,Female,Ananya Iyer,2025/11/01 10:22:00,N/A
235,Bengaluru,33,Male,Arjun Reddy,2025/11/01 10:22:00,N/A
236,Pune,60,Female,Amit Verma,2025/11/01 10:22:00,N/A
237,Vizag,59,Male,Vikram Iyer,2025/11/01 10:22:00,N/A
238,Vizag,35,Male,Arjun Das,2025/11/01 10:22:00,N/A
239,Vijayawada,46,Male,Rahul Gupta,2025/11/01 10:22:00,N/A
240,Pune,52,Female,Rahul Reddy,2025/11/01 10:22:00,N/A
241,Delhi,30,Male,Vihaan Rao,2025/11/01 10:22:00,N/A
242,Mumbai,59,Male,Sneha Reddy,2025/11/01 10:22:00,N/A
243,Mumbai,26,Male,Vihaan Naidu,2025/11/01 10:22:00,N/A
244,Mumbai,55,Male,Aditya Singh,2025/11/01 10:22:00,N/A
245,Chennai,56,Male,Ramesh Naidu,2025/11/01 10:22:00,N/A
246,Chennai,52,Female,Priya Iyer,2025/11/01 10:22:00,N/A
247,Hyderabad,26,Male,Karthik Reddy,2025/11/01 10:22:00,N/A
248,Kochi,38,Male,Rahul Gupta,2025/11/01 10:22:00,N/A
249,Hyderabad,26,Female,Karthik Patel,2025/11/01 10:22:00,N/A
250,Bengaluru,48,Female,Meera Reddy,2025/11/01 10:22:00,N/A
251,Kochi,24,Female,Rahul Singh,2025/11/01 10:22:00,N/A
252,Kochi,20,Female,Meera Gupta,2025/11/01 10:22:00,N/A
253,Hyderabad,48,Female,Sneha Sharma,2025/11/01 10:22:00,N/A
254,Vijayawada,46,Male,Pooja Reddy,2025/11/01 10:22:00,N/A
255,Kochi,27,Male,Aditya Naidu,2025/11/01 10:22:00,N/A
256,Kochi,58,Female,Diya Patel,2025/11/01 10:22:00,N/A
257,Coimbatore,36,Female,Amit Das,2025/11/01 10:22:00,N/A
258,Vizag,24,Male,Meera Das,2025/11/01 10:22:00,N/A
259,Vizag,46,Male,Lakshmi Gupta,2025/11/01 10:22:00,N/A
260,Vijayawada,43,Female,Pooja Naidu,2025/11/01 10:22:00,N/A
261,Vizag,38,Female,Ananya Naidu,2025/11/01 10:22:00,N/A
262,Vijayawada,22,Male,Rahul Iyer,2025/11/01 10:22:00,N/A
263,Vizag,24,Female,Aditya Reddy,2025/11/01 10:22:00,N/A
264,Hyderabad,55,Female,Diya Singh,2025/11/01 10:22:00,N/A
265,Pune,60,Female,Ananya Rao,2025/11/01 10:22:00,N/A
266,Kochi,37,Female,Vihaan Patel,2025/11/01 10:22:00,N/A
267,Coimbatore,31,Male,Ananya Das,2025/11/01 10:22:00,N/A
268,Bengaluru,40,Female,Arjun Gupta,2025/11/01 10:22:00,N/A
269,Kochi,32,Female,Ananya Patel,2025/11/01 10:22:00,N/A
270,Kochi,59,Male,Lakshmi Das,2025/11/01 10:22:00,N/A
271,Hyderabad,29,Female,Nithya Patel,2025/11/01 10:22:00,N/A
272,Pune,18,Male,Kavya Naidu,2025/11/01 10:22:00,N/A
273,Vizag,22,Male,Diya Das,2025/11/01 10:22:00,N/A
274,Coimbatore,31,Female,Aarav Reddy,2025/11/01 10:22:00,N/A
275,Pune,28,Female,Pooja Verma,2025/11/01 10:22:00,N/A
276,Kochi,56,Male,Kavya Naidu,2025/11/01 10:22:00,N/A
277,Chennai,57,Male,Vihaan Iyer,2025/11/01 10:22:00,N/A
278,Vijayawada,60,Female,Aditya Patel,2025/11/01 10:22:00,N/A
279,Vijayawada,44,Female,Arjun Das,2025/11/01 10:22:00,N/A
280,Bengaluru,40,Female,Suresh Singh,2025/11/01 10:22:00,N/A
281,Kochi,49,Female,Ananya Patel,2025/11/01 10:22:00,N/A
282,Vizag,56,Male,Vihaan Gupta,2025/11/01 10:22:00,N/A
283,Delhi,31,Male,Aarav Gupta,2025/11/01 10:22:00,N/A
284,Pune,25,Male,Priya Patel,2025/11/01 10:22:00,N/A
285,Chennai,26,Female,Arjun Rao,2025/11/01 10:22:00,N/A
286,Coimbatore,53,Female,Lakshmi Gupta,2025/11/01 10:22:00,N/A
287,Hyderabad,45,Male,Aditya Rao,2025/11/01 10:22:00,N/A
288,Pune,54,Female,Sneha Reddy,2025/11/01 10:22:00,N/A
289,Vizag,36,Male,Vikram Rao,2025/11/01 10:22:00,N/A
290,Pune,28,Female,Amit Sharma,2025/11/01 10:22:00,N/A
291,Vizag,24,Male,Rahul Reddy,2025/11/01 10:22:00,N/A
292,Vizag,51,Male,Pooja Das,2025/11/01 10:22:00,N/A
293,Pune,32,Female,Amit Patel,2025/11/01 10:22:00,N/A
294,Coimbatore,58,Male,Karthik Reddy,2025/11/01 10:22:00,N/A
295,Mumbai,40,Female,Meera Singh,2025/11/01 10:22:00,N/A
296,Bengaluru,27,Female,Diya Gupta,2025/11/01 10:22:00,N/A
297,Kochi,27,Male,Suresh Iyer,2025/11/01 10:22:00,N/A
298,Vijayawada,54,Female,Karthik Verma,2025/11/01 10:22:00,N/A
299,Pune,58,Female,Vikram Das,2025/11/01 10:22:00,N/A
300,Bengaluru,48,Female,Diya Verma,2025/11/01 10:22:00,N/A
301,Kochi,21,Female,Kavya Patel,2025/11/01 10:22:00,N/A
302,Delhi,47,Female,Meera Reddy,2025/11/01 10:22:00,N/A
303,Pune,36,Male,Vihaan Sharma,2025/11/01 10:22:00,N/A
304,Kochi,50,Female,Aditya Das,2025/11/01 10:22:00,N/A
305,Coimbatore,20,Female,Sneha Das,2025/11/01 10:22:00,N/A
306,Pune,56,Female,Vikram Gupta,2025/11/01 10:22:00,N/A
307,Hyderabad,46,Male,Meera Iyer,2025/11/01 10:22:00,N/A
308,Coimbatore,59,Male,Neha Reddy,2025/11/01 10:22:00,N/A
309,Vijayawada,46,Male,Vihaan Gupta,2025/11/01 10:22:00,N/A
310,Delhi,42,Female,Rahul Naidu,2025/11/01 10:22:00,N/A
311,Hyderabad,58,Female,Neha Das,2025/11/01 10:22:00,N/A
312,Bengaluru,53,Female,Aditya Naidu,2025/11/01 10:22:00,N/A
313,Kochi,27,Female,Kavya Patel,2025/11/01 10:22:00,N/A
314,Chennai,40,Female,Aditya Das,2025/11/01 10:22:00,N/A
315,Kochi,23,Female,Amit Iyer,2025/11/01 10:22:00,N/A
316,Pune,26,Male,Lakshmi Rao,2025/11/01 10:22:00,N/A
317,Pune,19,Female,Pooja Singh,2025/11/01 10:22:00,N/A
318,Mumbai,39,Female,Kavya Iyer,2025/11/01 10:22:00,N/A
319,Chennai,27,Male,Suresh Gupta,2025/11/01 10:22:00,N/A
320,Coimbatore,52,Male,Kavya Reddy,2025/11/01 10:22:00,N/A
321,Chennai,56,Female,Neha Das,2025/11/01 10:22:00,N/A
322,Chennai,57,Male,Diya Iyer,2025/11/01 10:22:00,N/A
323,Vizag,41,Male,Sneha Sharma,2025/11/01 10:22:00,N/A
324,Delhi,46,Male,Sneha Das,2025/11/01 10:22:00,N/A
325,Delhi,48,Male,Lakshmi Gupta,2025/11/01 10:22:00,N/A
326,Vijayawada,47,Female,Rahul Das,2025/11/01 10:22:00,N/A
327,Coimbatore,44,Male,Amit Singh,2025/11/01 10:22:00,N/A
328,Chennai,34,Male,Suresh Das,2025/11/01 10:22:00,N/A
329,Coimbatore,24,Male,Arjun Naidu,2025/11/01 10:22:00,N/A
330,Chennai,35,Female,Kavya Reddy,2025/11/01 10:22:00,N/A
331,Vizag,23,Male,Meera Iyer,2025/11/01 10:22:00,N/A
332,Hyderabad,44,Male,Sneha Naidu,2025/11/01 10:22:00,N/A
333,Pune,33,Female,Amit Singh,2025/11/01 10:22:00,N/A
334,Mumbai,19,Female,Aditya Naidu,2025/11/01 10:22:00,N/A
335,Chennai,26,Male,Ananya Naidu,2025/11/01 10:22:00,N/A
336,Chennai,48,Female,Kavya Verma,2025/11/01 10:22:00,N/A
337,Bengaluru,19,Female,Nithya Sharma,2025/11/01 10:22:00,N/A
338,Coimbatore,56,Female,Suresh Iyer,2025/11/01 10:22:00,N/A
339,Mumbai,37,Male,Ananya Patel,2025/11/01 10:22:00,N/A
340,Vizag,58,Female,Vihaan Gupta,2025/11/01 10:22:00,N/A
341,Vijayawada,56,Male,Aditya Reddy,2025/11/01 10:22:00,N/A
342,Mumbai,27,Female,Meera Das,2025/11/01 10:22:00,N/A
343,Kochi,40,Male,Pooja Sharma,2025/11/01 10:22:00,N/A
344,Chennai,60,Male,Vikram Rao,2025/11/01 10:22:00,N/A
345,Bengaluru,51,Male,Meera Naidu,2025/11/01 10:22:00,N/A
346,Hyderabad,58,Female,Amit Verma,2025/11/01 10:22:00,N/A
347,Hyderabad,40,Male,Rahul Patel,2025/11/01 10:22:00,N/A
348,Bengaluru,55,Female,Rahul Gupta,2025/11/01 10:22:00,N/A
349,Pune,52,Female,Diya Sharma,2025/11/01 10:22:00,N/A
350,Vijayawada,58,Male,Karthik Verma,2025/11/01 10:22:00,N/A
351,Vijayawada,20,Female,Diya Reddy,2025/11/01 10:22:00,N/A
352,Mumbai,20,Female,Suresh Sharma,2025/11/01 10:22:00,N/A
353,Vizag,52,Female,Kavya Singh,2025/11/01 10:22:00,N/A
354,Mumbai,36,Female,Priya Sharma,2025/11/01 10:22:00,N/A
355,Delhi,25,Female,Vihaan Naidu,2025/11/01 10:22:00,N/A
356,Vijayawada,42,Female,Pooja Rao,2025/11/01 10:22:00,N/A
357,Vijayawada,41,Female,Karthik Verma,2025/11/01 10:22:00,N/A
358,Bengaluru,45,Male,Aditya Rao,2025/11/01 10:22:00,N/A
359,Pune,24,Male,Lakshmi Patel,2025/11/01 10:22:00,N/A
360,Delhi,46,Female,Neha Patel,2025/11/01 10:22:00,N/A
361,Pune,46,Male,Karthik Verma,2025/11/01 10:22:00,N/A
362,Vizag,35,Male,Rahul Das,2025/11/01 10:22:00,N/A
363,Pune,50,Male,Aditya Rao,2025/11/01 10:22:00,N/A
364,Kochi,46,Male,Aarav Iyer,2025/11/01 10:22:00,N/A
365,Mumbai,59,Female,Diya Reddy,2025/11/01 10:22:00,N/A
366,Kochi,20,Male,Rahul Rao,2025/11/01 10:22:00,N/A
367,Pune,46,Male,Sneha Naidu,2025/11/01 10:22:00,N/A
368,Coimbatore,41,Female,Vikram Iyer,2025/11/01 10:22:00,N/A
369,Mumbai,25,Male,Neha Patel,2025/11/01 10:22:00,N/A
370,Coimbatore,42,Male,Karthik Verma,2025/11/01 10:22:00,N/A
371,Vijayawada,31,Female,Priya Patel,2025/11/01 10:22:00,N/A
372,Bengaluru,26,Male,Arjun Gupta,2025/11/01 10:22:00,N/A
373,Vijayawada,23,Female,Sneha Iyer,2025/11/01 10:22:00,N/A
374,Coimbatore,52,Female,Rahul Reddy,2025/11/01 10:22:00,N/A
375,Chennai,41,Male,Kavya Iyer,2025/11/01 10:22:00,N/A
376,Chennai,33,Female,Ananya Gupta,2025/11/01 10:22:00,N/A
377,Coimbatore,54,Female,Aarav Naidu,2025/11/01 10:22:00,N/A
378,Chennai,57,Male,Sneha Singh,2025/11/01 10:22:00,N/A
379,Vizag,48,Female,Aditya Patel,2025/11/01 10:22:00,N/A
380,Bengaluru,26,Female,Pooja Das,2025/11/01 10:22:00,N/A
381,Vijayawada,51,Female,Aditya Verma,2025/11/01 10:22:00,N/A
382,Kochi,29,Male,Diya Singh,2025/11/01 10:22:00,N/A
383,Hyderabad,25,Male,Pooja Singh,2025/11/01 10:22:00,N/A
384,Chennai,38,Male,Kavya Iyer,2025/11/01 10:22:00,N/A
385,Delhi,23,Female,Rahul Singh,2025/11/01 10:22:00,N/A
386,Delhi,26,Female,Suresh Singh,2025/11/01 10:22:00,N/A
387,Bengaluru,50,Male,Nithya Singh,2025/11/01 10:22:00,N/A
388,Chennai,28,Female,Vikram Das,2025/11/01 10:22:00,N/A
389,Hyderabad,23,Male,Vikram Sharma,2025/11/01 10:22:00,N/A
390,Mumbai,54,Female,Vikram Patel,2025/11/01 10:22:00,N/A
391,Vijayawada,58,Female,Nithya Sharma,2025/11/01 10:22:00,N/A
392,Mumbai,43,Female,Kavya Verma,2025/11/01 10:22:00,N/A
393,Hyderabad,28,Female,Sneha Reddy,2025/11/01 10:22:00,N/A
394,Vijayawada,31,Female,Pooja Verma,2025/11/01 10:22:00,N/A
395,Pune,38,Female,Nithya Iyer,2025/11/01 10:22:00,N/A
396,Pune,50,Male,Amit Iyer,2025/11/01 10:22:00,N/A
397,Vijayawada,25,Female,Neha Gupta,2025/11/01 10:22:00,N/A
398,Chennai,24,Male,Sneha Gupta,2025/11/01 10:22:00,N/A
399,Kochi,44,Male,Kavya Rao,2025/11/01 10:22:00,N/A
400,Kochi,38,Male,Karthik Naidu,2025/11/01 10:22:00,N/A
401,Coimbatore,47,Female,Karthik Verma,2025/11/01 10:22:00,N/A
402,Hyderabad,23,Female,Kavya Verma,2025/11/01 10:22:00,N/A
403,Mumbai,31,Female,Meera Verma,2025/11/01 10:22:00,N/A
404,Delhi,49,Female,Vihaan Sharma,2025/11/01 10:22:00,N/A
405,Hyderabad,24,Female,Kavya Singh,2025/11/01 10:22:00,N/A
406,Pune,43,Female,Diya Patel,2025/11/01 10:22:00,N/A
407,Hyderabad,54,Male,Vihaan Rao,2025/11/01 10:22:00,N/A
408,Delhi,22,Female,Rahul Singh,2025/11/01 10:22:00,N/A
409,Coimbatore,35,Male,Meera Verma,2025/11/01 10:22:00,N/A
410,Vizag,41,Female,Diya Reddy,2025/11/01 10:22:00,N/A
411,Chennai,30,Female,Lakshmi Naidu,2025/11/01 10:22:00,N/A
412,Hyderabad,20,Male,Meera Sharma,2025/11/01 10:22:00,N/A
413,Coimbatore,47,Male,Neha Verma,2025/11/01 10:22:00,N/A
414,Chennai,38,Female,Nithya Singh,2025/11/01 10:22:00,N/A
415,Kochi,37,Female,Karthik Rao,2025/11/01 10:22:00,N/A
416,Coimbatore,49,Female,Meera Singh,2025/11/01 10:22:00,N/A
417,Pune,39,Male,Arjun Sharma,2025/11/01 10:22:00,N/A
418,Delhi,58,Male,Pooja Das,2025/11/01 10:22:00,N/A
419,Delhi,59,Male,Nithya Verma,2025/11/01 10:22:00,N/A
420,Vijayawada,28,Female,Vihaan Das,2025/11/01 10:22:00,N/A
421,Hyderabad,54,Male,Diya Gupta,2025/11/01 10:22:00,N/A
422,Vijayawada,38,Female,Suresh Sharma,2025/11/01 10:22:00,N/A
423,Mumbai,44,Female,Diya Rao,2025/11/01 10:22:00,N/A
424,Coimbatore,31,Female,Vihaan Iyer,2025/11/01 10:22:00,N/A
425,Vizag,38,Male,Arjun Singh,2025/11/01 10:22:00,N/A
426,Pune,52,Female,Sneha Singh,2025/11/01 10:22:00,N/A
427,Vijayawada,30,Male,Priya Das,2025/11/01 10:22:00,N/A
428,Delhi,32,Female,Priya Singh,2025/11/01 10:22:00,N/A
429,Vijayawada,38,Female,Kavya Gupta,2025/11/01 10:22:00,N/A
430,Delhi,36,Male,Rahul Singh,2025/11/01 10:22:00,N/A
431,Vizag,43,Female,Vikram Singh,2025/11/01 10:22:00,N/A
432,Hyderabad,36,Male,Diya Patel,2025/11/01 10:22:00,N/A
433,Delhi,48,Male,Rahul Verma,2025/11/01 10:22:00,N/A
434,Delhi,53,Female,Suresh Singh,2025/11/01 10:22:00,N/A
435,Kochi,55,Male,Diya Reddy,2025/11/01 10:22:00,N/A
436,Coimbatore,32,Male,Ramesh Sharma,2025/11/01 10:22:00,N/A
437,Vizag,39,Female,Vihaan Reddy,2025/11/01 10:22:00,N/A
438,Hyderabad,53,Male,Ananya Iyer,2025/11/01 10:22:00,N/A
439,Vijayawada,59,Male,Pooja Verma,2025/11/01 10:22:00,N/A
440,Delhi,59,Male,Kavya Naidu,2025/11/01 10:22:00,N/A
441,Mumbai,52,Male,Aditya Das,2025/11/01 10:22:00,N/A
442,Chennai,20,Female,Karthik Rao,2025/11/01 10:22:00,N/A
443,Delhi,20,Male,Arjun Iyer,2025/11/01 10:22:00,N/A
444,Kochi,24,Female,Kavya Das,2025/11/01 10:22:00,N/A
445,Coimbatore,51,Female,Kavya Verma,2025/11/01 10:22:00,N/A
446,Vijayawada,35,Male,Diya Singh,2025/11/01 10:22:00,N/A
447,Chennai,47,Female,Ananya Naidu,2025/11/01 10:22:00,N/A
448,Pune,36,Male,Karthik Sharma,2025/11/01 10:22:00,N/A
449,Vizag,45,Female,Karthik Das,2025/11/01 10:22:00,N/A
450,Bengaluru,29,Male,Aditya Rao,2025/11/01 10:22:00,N/A
451,Mumbai,18,Female,Arjun Naidu,2025/11/01 10:22:00,N/A
452,Vijayawada,35,Female,Amit Gupta,2025/11/01 10:22:00,N/A
453,Kochi,18,Female,Kavya Das,2025/11/01 10:22:00,N/A
454,Hyderabad,60,Male,Rahul Gupta,2025/11/01 10:22:00,N/A
455,Chennai,43,Female,Sneha Patel,2025/11/01 10:22:00,N/A
456,Pune,57,Male,Ananya Patel,2025/11/01 10:22:00,N/A
457,Vijayawada,27,Female,Ramesh Iyer,2025/11/01 10:22:00,N/A
458,Vizag,53,Female,Nithya Naidu,2025/11/01 10:22:00,N/A
459,Mumbai,56,Male,Lakshmi Gupta,2025/11/01 10:22:00,N/A
460,Coimbatore,41,Male,Meera Verma,2025/11/01 10:22:00,N/A
461,Hyderabad,53,Male,Vikram Reddy,2025/11/01 10:22:00,N/A
462,Chennai,28,Female,Vikram Singh,2025/11/01 10:22:00,N/A
463,Bengaluru,31,Female,Meera Verma,2025/11/01 10:22:00,N/A
464,Vijayawada,21,Female,Aditya Singh,2025/11/01 10:22:00,N/A
465,Vizag,47,Male,Diya Singh,2025/11/01 10:22:00,N/A
466,Delhi,19,Female,Lakshmi Verma,2025/11/01 10:22:00,N/A
467,Mumbai,55,Male,Priya Sharma,2025/11/01 10:22:00,N/A
468,Pune,22,Male,Vihaan Rao,2025/11/01 10:22:00,N/A
469,Hyderabad,36,Female,Aditya Verma,2025/11/01 10:22:00,N/A
470,Vizag,41,Female,Karthik Iyer,2025/11/01 10:22:00,N/A
471,Vizag,23,Male,Sneha Rao,2025/11/01 10:22:00,N/A
472,Chennai,52,Female,Rahul Reddy,2025/11/01 10:22:00,N/A
473,Mumbai,18,Male,Meera Iyer,2025/11/01 10:22:00,N/A
474,Coimbatore,45,Female,Kavya Verma,2025/11/01 10:22:00,N/A
475,Vijayawada,40,Male,Ramesh Gupta,2025/11/01 10:22:00,N/A
476,Bengaluru,20,Female,Priya Gupta,2025/11/01 10:22:00,N/A
477,Mumbai,31,Male,Nithya Sharma,2025/11/01 10:22:00,N/A
478,Hyderabad,46,Male,Ananya Das,2025/11/01 10:22:00,N/A
479,Vizag,46,Male,Ramesh Sharma,2025/11/01 10:22:00,N/A
480,Hyderabad,26,Female,Lakshmi Gupta,2025/11/01 10:22:00,N/A
481,Pune,54,Female,Ramesh Das,2025/11/01 10:22:00,N/A
482,Chennai,60,Male,Ramesh Patel,2025/11/01 10:22:00,N/A
483,Delhi,21,Male,Pooja Patel,2025/11/01 10:22:00,N/A
484,Vijayawada,21,Female,Pooja Singh,2025/11/01 10:22:00,N/A
485,Pune,44,Female,Amit Singh,2025/11/01 10:22:00,N/A
486,Vizag,29,Female,Diya Patel,2025/11/01 10:22:00,N/A
487,Delhi,27,Female,Ramesh Gupta,2025/11/01 10:22:00,N/A
488,Vizag,44,Male,Vihaan Singh,2025/11/01 10:22:00,N/A
489,Delhi,31,Female,Amit Gupta,2025/11/01 10:22:00,N/A
490,Pune,23,Male,Aditya Verma,2025/11/01 10:22:00,N/A
491,Vizag,56,Male,Vihaan Patel,2025/11/01 10:22:00,N/A
492,Kochi,60,Male,Aditya Gupta,2025/11/01 10:22:00,N/A
493,Pune,37,Male,Arjun Gupta,2025/11/01 10:22:00,N/A
494,Bengaluru,48,Male,Suresh Gupta,2025/11/01 10:22:00,N/A
495,Vizag,33,Female,Nithya Gupta,2025/11/01 10:22:00,N/A
496,Vijayawada,52,Female,Kavya Rao,2025/11/01 10:22:00,N/A
497,Pune,50,Female,Kavya Patel,2025/11/01 10:22:00,N/A
498,Vijayawada,38,Male,Sneha Reddy,2025/11/01 10:22:00,N/A
499,Vizag,20,Male,Rahul Naidu,2025/11/01 10:22:00,N/A
500,Delhi,53,Female,Diya Sharma,2025/11/01 10:22:00,N/A
501,Mumbai,39,Male,Kavya Iyer,2025/11/01 10:22:00,N/A
502,Mumbai,49,Female,Amit Das,2025/11/01 10:22:00,N/A
503,Vijayawada,47,Male,Priya Verma,2025/11/01 10:22:00,N/A
504,Chennai,52,Female,Rahul Iyer,2025/11/01 10:22:00,N/A
505,Hyderabad,51,Male,Karthik Singh,2025/11/01 10:22:00,N/A
506,Hyderabad,44,Male,Aditya Sharma,2025/11/01 10:22:00,N/A
507,Chennai,18,Male,Ramesh Reddy,2025/11/01 10:22:00,N/A
508,Pune,21,Female,Meera Verma,2025/11/01 10:22:00,N/A
509,Hyderabad,52,Female,Arjun Sharma,2025/11/01 10:22:00,N/A
510,Coimbatore,35,Female,Aarav Sharma,2025/11/01 10:22:00,N/A
511,Vizag,29,Male,Aarav Singh,2025/11/01 10:22:00,N/A
512,Chennai,33,Male,Ananya Singh,2025/11/01 10:22:00,N/A
513,Delhi,40,Female,Nithya Singh,2025/11/01 10:22:00,N/A
514,Pune,43,Female,Amit Reddy,2025/11/01 10:22:00,N/A
515,Mumbai,37,Male,Vikram Gupta,2025/11/01 10:22:00,N/A
516,Vizag,42,Female,Vihaan Reddy,2025/11/01 10:22:00,N/A
517,Hyderabad,58,Male,Lakshmi Verma,2025/11/01 10:22:00,N/A
518,Vijayawada,45,Female,Karthik Reddy,2025/11/01 10:22:00,N/A
519,Coimbatore,20,Male,Vikram Reddy,2025/11/01 10:22:00,N/A
520,Vijayawada,35,Male,Suresh Das,2025/11/01 10:22:00,N/A
521,Coimbatore,54,Male,Aditya Patel,2025/11/01 10:22:00,N/A
522,Hyderabad,31,Male,Karthik Naidu,2025/11/01 10:22:00,N/A
523,Delhi,28,Male,Amit Reddy,2025/11/01 10:22:00,N/A
524,Coimbatore,39,Female,Vikram Rao,2025/11/01 10:22:00,N/A
525,Coimbatore,40,Male,Diya Reddy,2025/11/01 10:22:00,N/A
526,Mumbai,22,Female,Ananya Rao,2025/11/01 10:22:00,N/A
527,Kochi,43,Female,Nithya Das,2025/11/01 10:22:00,N/A
528,Vijayawada,49,Male,Aarav Patel,2025/11/01 10:22:00,N/A
529,Vizag,45,Male,Rahul Singh,2025/11/01 10:22:00,N/A
530,Bengaluru,57,Female,Vikram Rao,2025/11/01 10:22:00,N/A
531,Bengaluru,35,Male,Ramesh Reddy,2025/11/01 10:22:00,N/A
532,Vizag,38,Female,Amit Iyer,2025/11/01 10:22:00,N/A
533,Hyderabad,37,Female,Ananya Reddy,2025/11/01 10:22:00,N/A
534,Bengaluru,26,Male,Rahul Patel,2025/11/01 10:22:00,N/A
535,Vijayawada,53,Female,Karthik Rao,2025/11/01 10:22:00,N/A
536,Bengaluru,40,Male,Ananya Sharma,2025/11/01 10:22:00,N/A
537,Pune,42,Male,Nithya Das,2025/11/01 10:22:00,N/A
538,Vizag,23,Male,Kavya Rao,2025/11/01 10:22:00,N/A
539,Chennai,42,Male,Vikram Singh,2025/11/01 10:22:00,N/A
540,Delhi,35,Female,Diya Patel,2025/11/01 10:22:00,N/A
541,Chennai,45,Female,Diya Reddy,2025/11/01 10:22:00,N/A
542,Vijayawada,22,Female,Pooja Patel,2025/11/01 10:22:00,N/A
543,Vijayawada,56,Male,Priya Gupta,2025/11/01 10:22:00,N/A
544,Chennai,37,Male,Sneha Reddy,2025/11/01 10:22:00,N/A
545,Kochi,42,Female,Amit Naidu,2025/11/01 10:22:00,N/A
546,Vizag,59,Male,Sneha Naidu,2025/11/01 10:22:00,N/A
547,Kochi,30,Female,Kavya Naidu,2025/11/01 10:22:00,N/A
548,Vizag,38,Female,Neha Iyer,2025/11/01 10:22:00,N/A
549,Mumbai,38,Female,Arjun Das,2025/11/01 10:22:00,N/A
550,Pune,25,Male,Priya Rao,2025/11/01 10:22:00,N/A
551,Chennai,53,Male,Vikram Singh,2025/11/01 10:22:00,N/A
552,Vijayawada,36,Male,Sneha Gupta,2025/11/01 10:22:00,N/A
553,Chennai,58,Female,Pooja Verma,2025/11/01 10:22:00,N/A
554,Chennai,45,Female,Ramesh Patel,2025/11/01 10:22:00,N/A
555,Kochi,48,Female,Aditya Verma,2025/11/01 10:22:00,N/A
556,Vizag,52,Male,Lakshmi Singh,2025/11/01 10:22:00,N/A
557,Kochi,58,Male,Rahul Singh,2025/11/01 10:22:00,N/A
558,Pune,28,Male,Ananya Gupta,2025/11/01 10:22:00,N/A
559,Pune,45,Male,Vikram Rao,2025/11/01 10:22:00,N/A
560,Delhi,32,Male,Aarav Reddy,2025/11/01 10:22:00,N/A
561,Vizag,47,Male,Sneha Naidu,2025/11/01 10:22:00,N/A
562,Vijayawada,24,Female,Rahul Sharma,2025/11/01 10:22:00,N/A
563,Bengaluru,27,Female,Pooja Reddy,2025/11/01 10:22:00,N/A
564,Vijayawada,31,Female,Kavya Naidu,2025/11/01 10:22:00,N/A
565,Bengaluru,46,Female,Rahul Verma,2025/11/01 10:22:00,N/A
566,Delhi,20,Male,Neha Reddy,2025/11/01 10:22:00,N/A
567,Bengaluru,28,Male,Aarav Naidu,2025/11/01 10:22:00,N/A
568,Coimbatore,28,Female,Meera Iyer,2025/11/01 10:22:00,N/A
569,Vijayawada,32,Female,Lakshmi Rao,2025/11/01 10:22:00,N/A
570,Vizag,43,Male,Karthik Iyer,2025/11/01 10:22:00,N/A
571,Vijayawada,55,Female,Nithya Gupta,2025/11/01 10:22:00,N/A
572,Mumbai,31,Female,Amit Sharma,2025/11/01 10:22:00,N/A
573,Bengaluru,52,Male,Aditya Das,2025/11/01 10:22:00,N/A
574,Mumbai,47,Male,Rahul Naidu,2025/11/01 10:22:00,N/A
575,Coimbatore,58,Female,Priya Verma,2025/11/01 10:22:00,N/A
576,Kochi,43,Male,Nithya Rao,2025/11/01 10:22:00,N/A
577,Vijayawada,57,Male,Rahul Naidu,2025/11/01 10:22:00,N/A
578,Kochi,23,Male,Kavya Das,2025/11/01 10:22:00,N/A
579,Mumbai,37,Male,Neha Reddy,2025/11/01 10:22:00,N/A
580,Chennai,50,Female,Karthik Naidu,2025/11/01 10:22:00,N/A
581,Chennai,54,Female,Pooja Das,2025/11/01 10:22:00,N/A
582,Vijayawada,58,Male,Pooja Iyer,2025/11/01 10:22:00,N/A
583,Vijayawada,36,Male,Lakshmi Iyer,2025/11/01 10:22:00,N/A
584,Vijayawada,57,Male,Karthik Naidu,2025/11/01 10:22:00,N/A
585,Vijayawada,26,Male,Rahul Sharma,2025/11/01 10:22:00,N/A
586,Coimbatore,59,Female,Amit Singh,2025/11/01 10:22:00,N/A
587,Vizag,46,Female,Pooja Verma,2025/11/01 10:22:00,N/A
588,Kochi,19,Male,Karthik Reddy,2025/11/01 10:22:00,N/A
589,Delhi,32,Female,Kavya Sharma,2025/11/01 10:22:00,N/A
590,Kochi,49,Male,Karthik Verma,2025/11/01 10:22:00,N/A
591,Delhi,52,Female,Vikram Reddy,2025/11/01 10:22:00,N/A
592,Vijayawada,52,Male,Lakshmi Sharma,2025/11/01 10:22:00,N/A
593,Mumbai,37,Male,Pooja Reddy,2025/11/01 10:22:00,N/A
594,Pune,23,Female,Sneha Patel,2025/11/01 10:22:00,N/A
595,Mumbai,55,Female,Ananya Gupta,2025/11/01 10:22:00,N/A
596,Chennai,57,Male,Nithya Rao,2025/11/01 10:22:00,N/A
597,Hyderabad,54,Female,Suresh Gupta,2025/11/01 10:22:00,N/A
598,Kochi,52,Male,Lakshmi Patel,2025/11/01 10:22:00,N/A
599,Delhi,54,Female,Neha Patel,2025/11/01 10:22:00,N/A
600,Chennai,44,Male,Meera Reddy,2025/11/01 10:22:00,N/A
601,Chennai,33,Male,Priya Iyer,2025/11/01 10:22:00,N/A
602,Vizag,49,Male,Neha Gupta,2025/11/01 10:22:00,N/A
603,Vizag,42,Female,Vikram Patel,2025/11/01 10:22:00,N/A
604,Vizag,50,Female,Aditya Reddy,2025/11/01 10:22:00,N/A
605,Vijayawada,38,Male,Rahul Verma,2025/11/01 10:22:00,N/A
606,Pune,22,Female,Aditya Verma,2025/11/01 10:22:00,N/A
607,Mumbai,49,Female,Suresh Rao,2025/11/01 10:22:00,N/A
608,Pune,53,Male,Neha Patel,2025/11/01 10:22:00,N/A
609,Pune,21,Male,Vikram Verma,2025/11/01 10:22:00,N/A
610,Hyderabad,25,Male,Ananya Verma,2025/11/01 10:22:00,N/A
611,Hyderabad,45,Male,Sneha Verma,2025/11/01 10:22:00,N/A
612,Chennai,35,Male,Diya Patel,2025/11/01 10:22:00,N/A
613,Bengaluru,41,Male,Rahul Patel,2025/11/01 10:22:00,N/A
614,Delhi,32,Female,Vihaan Rao,2025/11/01 10:22:00,N/A
615,Hyderabad,31,Female,Aditya Reddy,2025/11/01 10:22:00,N/A
616,Kochi,32,Female,Aditya Iyer,2025/11/01 10:22:00,N/A
617,Pune,25,Female,Aarav Sharma,2025/11/01 10:22:00,N/A
618,Bengaluru,32,Female,Diya Verma,2025/11/01 10:22:00,N/A
619,Bengaluru,38,Female,Aditya Reddy,2025/11/01 10:22:00,N/A
620,Vizag,26,Male,Kavya Iyer,2025/11/01 10:22:00,N/A
621,Kochi,18,Male,Aditya Singh,2025/11/01 10:22:00,N/A
622,Mumbai,58,Male,Sneha Naidu,2025/11/01 10:22:00,N/A
623,Vijayawada,31,Male,Pooja Das,2025/11/01 10:22:00,N/A
624,Bengaluru,55,Female,Ananya Iyer,2025/11/01 10:22:00,N/A
625,Pune,26,Male,Rahul Rao,2025/11/01 10:22:00,N/A
626,Mumbai,53,Female,Priya Reddy,2025/11/01 10:22:00,N/A
627,Mumbai,51,Male,Aarav Patel,2025/11/01 10:22:00,N/A
628,Hyderabad,33,Female,Amit Patel,2025/11/01 10:22:00,N/A
629,Mumbai,49,Male,Amit Reddy,2025/11/01 10:22:00,N/A
630,Pune,38,Male,Meera Sharma,2025/11/01 10:22:00,N/A
631,Vizag,41,Male,Amit Das,2025/11/01 10:22:00,N/A
632,Hyderabad,55,Male,Arjun Reddy,2025/11/01 10:22:00,N/A
633,Mumbai,20,Male,Aarav Patel,2025/11/01 10:22:00,N/A
634,Delhi,58,Female,Amit Singh,2025/11/01 10:22:00,N/A
635,Bengaluru,58,Male,Pooja Rao,2025/11/01 10:22:00,N/A
636,Delhi,23,Male,Priya Reddy,2025/11/01 10:22:00,N/A
637,Pune,43,Male,Diya Singh,2025/11/01 10:22:00,N/A
638,Mumbai,21,Male,Kavya Rao,2025/11/01 10:22:00,N/A
639,Bengaluru,47,Male,Aditya Rao,2025/11/01 10:22:00,N/A
640,Bengaluru,18,Male,Kavya Iyer,2025/11/01 10:22:00,N/A
641,Vijayawada,40,Female,Aarav Iyer,2025/11/01 10:22:00,N/A
642,Chennai,35,Male,Karthik Naidu,2025/11/01 10:22:00,N/A
643,Vizag,35,Male,Aarav Naidu,2025/11/01 10:22:00,N/A
644,Bengaluru,49,Female,Priya Das,2025/11/01 10:22:00,N/A
645,Hyderabad,49,Male,Meera Naidu,2025/11/01 10:22:00,N/A
646,Delhi,24,Male,Rahul Iyer,2025/11/01 10:22:00,N/A
647,Hyderabad,20,Male,Ramesh Singh,2025/11/01 10:22:00,N/A
648,Vijayawada,41,Female,Ramesh Sharma,2025/11/01 10:22:00,N/A
649,Hyderabad,53,Female,Diya Iyer,2025/11/01 10:22:00,N/A
650,Mumbai,44,Female,Ramesh Naidu,2025/11/01 10:22:00,N/A
651,Kochi,41,Male,Priya Reddy,2025/11/01 10:22:00,N/A
652,Chennai,32,Male,Meera Sharma,2025/11/01 10:22:00,N/A
653,Vijayawada,36,Female,Amit Reddy,2025/11/01 10:22:00,N/A
654,Coimbatore,47,Male,Neha Reddy,2025/11/01 10:22:00,N/A
655,Delhi,54,Female,Rahul Gupta,2025/11/01 10:22:00,N/A
656,Vijayawada,41,Female,Nithya Gupta,2025/11/01 10:22:00,N/A
657,Mumbai,27,Male,Suresh Singh,2025/11/01 10:22:00,N/A
658,Mumbai,52,Female,Pooja Sharma,2025/11/01 10:22:00,N/A
659,Hyderabad,60,Female,Aarav Naidu,2025/11/01 10:22:00,N/A
660,Mumbai,51,Male,Kavya Reddy,2025/11/01 10:22:00,N/A
661,Hyderabad,27,Female,Pooja Verma,2025/11/01 10:22:00,N/A
662,Mumbai,51,Female,Aditya Sharma,2025/11/01 10:22:00,N/A
663,Bengaluru,55,Male,Rahul Verma,2025/11/01 10:22:00,N/A
664,Vizag,22,Male,Meera Iyer,2025/11/01 10:22:00,N/A
665,Mumbai,36,Female,Pooja Iyer,2025/11/01 10:22:00,N/A
666,Pune,38,Female,Neha Rao,2025/11/01 10:22:00,N/A
667,Bengaluru,30,Male,Priya Gupta,2025/11/01 10:22:00,N/A
668,Chennai,24,Male,Vikram Reddy,2025/11/01 10:22:00,N/A
669,Pune,44,Male,Sneha Verma,2025/11/01 10:22:00,N/A
670,Mumbai,46,Female,Lakshmi Naidu,2025/11/01 10:22:00,N/A
671,Bengaluru,23,Male,Sneha Patel,2025/11/01 10:22:00,N/A
672,Hyderabad,31,Female,Kavya Das,2025/11/01 10:22:00,N/A
673,Mumbai,40,Female,Diya Reddy,2025/11/01 10:22:00,N/A
674,Delhi,34,Male,Meera Sharma,2025/11/01 10:22:00,N/A
675,Vijayawada,53,Male,Aarav Rao,2025/11/01 10:22:00,N/A
676,Bengaluru,26,Male,Ananya Verma,2025/11/01 10:22:00,N/A
677,Mumbai,26,Male,Aarav Sharma,2025/11/01 10:22:00,N/A
678,Bengaluru,55,Female,Amit Naidu,2025/11/01 10:22:00,N/A
679,Bengaluru,30,Female,Aditya Sharma,2025/11/01 10:22:00,N/A
680,Pune,25,Male,Diya Reddy,2025/11/01 10:22:00,N/A
681,Chennai,54,Female,Sneha Sharma,2025/11/01 10:22:00,N/A
682,Hyderabad,42,Female,Amit Verma,2025/11/01 10:22:00,N/A
683,Mumbai,29,Female,Karthik Naidu,2025/11/01 10:22:00,N/A
684,Chennai,20,Male,Priya Verma,2025/11/01 10:22:00,N/A
685,Vizag,53,Female,Kavya Verma,2025/11/01 10:22:00,N/A
686,Delhi,42,Male,Vihaan Reddy,2025/11/01 10:22:00,N/A
687,Coimbatore,33,Male,Pooja Gupta,2025/11/01 10:22:00,N/A
688,Vijayawada,52,Female,Amit Naidu,2025/11/01 10:22:00,N/A
689,Coimbatore,38,Female,Rahul Das,2025/11/01 10:22:00,N/A
690,Hyderabad,38,Male,Priya Iyer,2025/11/01 10:22:00,N/A
691,Hyderabad,48,Female,Aarav Patel,2025/11/01 10:22:00,N/A
692,Chennai,24,Male,Vikram Gupta,2025/11/01 10:22:00,N/A
693,Coimbatore,21,Male,Ramesh Patel,2025/11/01 10:22:00,N/A
694,Pune,29,Male,Vikram Rao,2025/11/01 10:22:00,N/A
695,Pune,40,Male,Ramesh Das,2025/11/01 10:22:00,N/A
696,Kochi,27,Male,Rahul Das,2025/11/01 10:22:00,N/A
697,Delhi,29,Female,Arjun Singh,2025/11/01 10:22:00,N/A
698,Hyderabad,32,Male,Vihaan Reddy,2025/11/01 10:22:00,N/A
699,Vijayawada,18,Female,Aarav Singh,2025/11/01 10:22:00,N/A
700,Chennai,39,Male,Nithya Gupta,2025/11/01 10:22:00,N/A
701,Hyderabad,27,Male,Neha Sharma,2025/11/01 10:22:00,N/A
702,Pune,22,Female,Ananya Singh,2025/11/01 10:22:00,N/A
703,Bengaluru,39,Female,Amit Das,2025/11/01 10:22:00,N/A
704,Chennai,45,Female,Neha Iyer,2025/11/01 10:22:00,N/A
705,Coimbatore,57,Female,Neha Iyer,2025/11/01 10:22:00,N/A
706,Chennai,42,Female,Ramesh Das,2025/11/01 10:22:00,N/A
707,Chennai,18,Female,Kavya Iyer,2025/11/01 10:22:00,N/A
708,Chennai,56,Female,Vikram Sharma,2025/11/01 10:22:00,N/A
709,Kochi,24,Female,Nithya Gupta,2025/11/01 10:22:00,N/A
710,Bengaluru,33,Female,Diya Naidu,2025/11/01 10:22:00,N/A
711,Bengaluru,60,Female,Neha Iyer,2025/11/01 10:22:00,N/A
712,Delhi,31,Male,Sneha Sharma,2025/11/01 10:22:00,N/A
713,Delhi,24,Male,Aditya Naidu,2025/11/01 10:22:00,N/A
714,Vijayawada,44,Male,Vihaan Rao,2025/11/01 10:22:00,N/A
715,Vizag,40,Female,Pooja Verma,2025/11/01 10:22:00,N/A
716,Kochi,59,Male,Ananya Verma,2025/11/01 10:22:00,N/A
717,Bengaluru,20,Female,Karthik Verma,2025/11/01 10:22:00,N/A
718,Delhi,24,Male,Aarav Naidu,2025/11/01 10:22:00,N/A
719,Vizag,28,Male,Neha Iyer,2025/11/01 10:22:00,N/A
720,Pune,56,Female,Lakshmi Reddy,2025/11/01 10:22:00,N/A
721,Chennai,56,Female,Aarav Rao,2025/11/01 10:22:00,N/A
722,Bengaluru,39,Male,Karthik Sharma,2025/11/01 10:22:00,N/A
723,Coimbatore,52,Female,Suresh Rao,2025/11/01 10:22:00,N/A
724,Mumbai,24,Male,Kavya Patel,2025/11/01 10:22:00,N/A
725,Coimbatore,49,Male,Amit Das,2025/11/01 10:22:00,N/A
726,Hyderabad,45,Male,Vihaan Naidu,2025/11/01 10:22:00,N/A
727,Vijayawada,30,Male,Kavya Das,2025/11/01 10:22:00,N/A
728,Chennai,58,Female,Aarav Gupta,2025/11/01 10:22:00,N/A
729,Bengaluru,37,Female,Aditya Verma,2025/11/01 10:22:00,N/A
730,Delhi,23,Female,Arjun Verma,2025/11/01 10:22:00,N/A
731,Vizag,41,Male,Karthik Naidu,2025/11/01 10:22:00,N/A
732,Delhi,46,Female,Sneha Sharma,2025/11/01 10:22:00,N/A
733,Delhi,54,Male,Priya Gupta,2025/11/01 10:22:00,N/A
734,Bengaluru,60,Female,Diya Reddy,2025/11/01 10:22:00,N/A
735,Kochi,32,Male,Lakshmi Rao,2025/11/01 10:22:00,N/A
736,Vizag,52,Female,Amit Singh,2025/11/01 10:22:00,N/A
737,Vijayawada,37,Male,Vikram Gupta,2025/11/01 10:22:00,N/A
738,Coimbatore,54,Male,Amit Sharma,2025/11/01 10:22:00,N/A
739,Chennai,28,Male,Ananya Verma,2025/11/01 10:22:00,N/A
740,Hyderabad,45,Male,Suresh Iyer,2025/11/01 10:22:00,N/A
741,Chennai,56,Female,Pooja Gupta,2025/11/01 10:22:00,N/A
742,Bengaluru,42,Female,Neha Reddy,2025/11/01 10:22:00,N/A
743,Delhi,51,Female,Lakshmi Naidu,2025/11/01 10:22:00,N/A
744,Kochi,51,Female,Aarav Das,2025/11/01 10:22:00,N/A
745,Chennai,27,Male,Ananya Rao,2025/11/01 10:22:00,N/A
746,Bengaluru,36,Female,Ananya Das,2025/11/01 10:22:00,N/A
747,Vizag,59,Female,Pooja Patel,2025/11/01 10:22:00,N/A
748,Vijayawada,20,Male,Vikram Das,2025/11/01 10:22:00,N/A
749,Chennai,57,Female,Priya Rao,2025/11/01 10:22:00,N/A
750,Pune,33,Male,Vihaan Rao,2025/11/01 10:22:00,N/A
751,Pune,19,Female,Arjun Patel,2025/11/01 10:22:00,N/A
752,Delhi,49,Male,Kavya Patel,2025/11/01 10:22:00,N/A
753,Delhi,46,Female,Ramesh Iyer,2025/11/01 10:22:00,N/A
754,Kochi,59,Male,Priya Rao,2025/11/01 10:22:00,N/A
755,Mumbai,44,Female,Suresh Verma,2025/11/01 10:22:00,N/A
756,Hyderabad,50,Male,Meera Naidu,2025/11/01 10:22:00,N/A
757,Coimbatore,43,Male,Aditya Patel,2025/11/01 10:22:00,N/A
758,Hyderabad,29,Male,Meera Das,2025/11/01 10:22:00,N/A
759,Mumbai,20,Female,Suresh Sharma,2025/11/01 10:22:00,N/A
760,Mumbai,35,Female,Vihaan Naidu,2025/11/01 10:22:00,N/A
761,Vizag,58,Male,Sneha Singh,2025/11/01 10:22:00,N/A
762,Pune,49,Female,Aarav Gupta,2025/11/01 10:22:00,N/A
763,Kochi,53,Female,Karthik Verma,2025/11/01 10:22:00,N/A
764,Delhi,23,Female,Rahul Iyer,2025/11/01 10:22:00,N/A
765,Hyderabad,28,Male,Aarav Rao,2025/11/01 10:22:00,N/A
766,Mumbai,35,Female,Ramesh Gupta,2025/11/01 10:22:00,N/A
767,Hyderabad,48,Male,Meera Sharma,2025/11/01 10:22:00,N/A
768,Hyderabad,32,Female,Karthik Das,2025/11/01 10:22:00,N/A
769,Delhi,45,Female,Nithya Patel,2025/11/01 10:22:00,N/A
770,Delhi,31,Female,Rahul Verma,2025/11/01 10:22:00,N/A
771,Kochi,43,Male,Kavya Singh,2025/11/01 10:22:00,N/A
772,Pune,53,Female,Aarav Singh,2025/11/01 10:22:00,N/A
773,Vijayawada,22,Female,Kavya Reddy,2025/11/01 10:22:00,N/A
774,Delhi,34,Female,Priya Naidu,2025/11/01 10:22:00,N/A
775,Coimbatore,33,Male,Suresh Iyer,2025/11/01 10:22:00,N/A
776,Pune,26,Male,Nithya Rao,2025/11/01 10:22:00,N/A
777,Delhi,44,Female,Arjun Patel,2025/11/01 10:22:00,N/A
778,Kochi,54,Male,Amit Sharma,2025/11/01 10:22:00,N/A
779,Coimbatore,58,Female,Neha Gupta,2025/11/01 10:22:00,N/A
780,Delhi,28,Male,Rahul Singh,2025/11/01 10:22:00,N/A
781,Vijayawada,26,Female,Kavya Reddy,2025/11/01 10:22:00,N/A
782,Pune,59,Male,Lakshmi Iyer,2025/11/01 10:22:00,N/A
783,Mumbai,37,Female,Ramesh Naidu,2025/11/01 10:22:00,N/A
784,Delhi,55,Female,Neha Naidu,2025/11/01 10:22:00,N/A
785,Vijayawada,21,Male,Sneha Reddy,2025/11/01 10:22:00,N/A
786,Coimbatore,25,Female,Arjun Gupta,2025/11/01 10:22:00,N/A
787,Vizag,21,Male,Meera Patel,2025/11/01 10:22:00,N/A
788,Pune,44,Female,Diya Gupta,2025/11/01 10:22:00,N/A
789,Chennai,23,Female,Diya Naidu,2025/11/01 10:22:00,N/A
790,Pune,58,Male,Neha Iyer,2025/11/01 10:22:00,N/A
791,Delhi,31,Male,Aarav Verma,2025/11/01 10:22:00,N/A
792,Vijayawada,23,Male,Vikram Iyer,2025/11/01 10:22:00,N/A
793,Vizag,43,Female,Nithya Rao,2025/11/01 10:22:00,N/A
794,Hyderabad,20,Male,Arjun Rao,2025/11/01 10:22:00,N/A
795,Pune,51,Male,Rahul Sharma,2025/11/01 10:22:00,N/A
796,Mumbai,32,Female,Aarav Sharma,2025/11/01 10:22:00,N/A
797,Bengaluru,42,Female,Kavya Iyer,2025/11/01 10:22:00,N/A
798,Hyderabad,37,Female,Karthik Reddy,2025/11/01 10:22:00,N/A
799,Kochi,51,Female,Sneha Singh,2025/11/01 10:22:00,N/A
800,Pune,49,Female,Pooja Iyer,2025/11/01 10:22:00,N/A
801,Vizag,19,Male,Suresh Iyer,2025/11/01 10:22:00,N/A
802,Mumbai,19,Male,Ramesh Iyer,2025/11/01 10:22:00,N/A
803,Hyderabad,42,Female,Ananya Naidu,2025/11/01 10:22:00,N/A
804,Hyderabad,56,Male,Lakshmi Das,2025/11/01 10:22:00,N/A
805,Hyderabad,25,Female,Ananya Sharma,2025/11/01 10:22:00,N/A
806,Bengaluru,53,Female,Sneha Rao,2025/11/01 10:22:00,N/A
807,Mumbai,58,Male,Arjun Iyer,2025/11/01 10:22:00,N/A
808,Bengaluru,60,Female,Kavya Rao,2025/11/01 10:22:00,N/A
809,Chennai,44,Male,Nithya Das,2025/11/01 10:22:00,N/A
810,Bengaluru,36,Male,Meera Das,2025/11/01 10:22:00,N/A
811,Mumbai,56,Male,Ananya Verma,2025/11/01 10:22:00,N/A
812,Mumbai,40,Female,Priya Singh,2025/11/01 10:22:00,N/A
813,Hyderabad,53,Female,Kavya Iyer,2025/11/01 10:22:00,N/A
814,Pune,33,Male,Suresh Verma,2025/11/01 10:22:00,N/A
815,Bengaluru,54,Female,Aarav Reddy,2025/11/01 10:22:00,N/A
816,Coimbatore,22,Male,Diya Reddy,2025/11/01 10:22:00,N/A
817,Vijayawada,36,Female,Priya Gupta,2025/11/01 10:22:00,N/A
818,Bengaluru,29,Male,Sneha Sharma,2025/11/01 10:22:00,N/A
819,Pune,45,Male,Kavya Naidu,2025/11/01 10:22:00,N/A
820,Hyderabad,26,Male,Ananya Sharma,2025/11/01 10:22:00,N/A
821,Vijayawada,57,Female,Neha Naidu,2025/11/01 10:22:00,N/A
822,Pune,29,Male,Aditya Naidu,2025/11/01 10:22:00,N/A
823,Vijayawada,35,Female,Amit Rao,2025/11/01 10:22:00,N/A
824,Chennai,25,Male,Arjun Rao,2025/11/01 10:22:00,N/A
825,Bengaluru,44,Female,Vihaan Iyer,2025/11/01 10:22:00,N/A
826,Chennai,57,Female,Vikram Verma,2025/11/01 10:22:00,N/A
827,Hyderabad,26,Female,Rahul Das,2025/11/01 10:22:00,N/A
828,Vizag,46,Male,Arjun Reddy,2025/11/01 10:22:00,N/A
829,Pune,18,Male,Aditya Patel,2025/11/01 10:22:00,N/A
830,Coimbatore,57,Male,Neha Singh,2025/11/01 10:22:00,N/A
831,Vijayawada,40,Female,Pooja Gupta,2025/11/01 10:22:00,N/A
832,Kochi,21,Male,Diya Singh,2025/11/01 10:22:00,N/A
833,Vijayawada,49,Male,Karthik Singh,2025/11/01 10:22:00,N/A
834,Pune,33,Female,Aditya Verma,2025/11/01 10:22:00,N/A
835,Coimbatore,32,Female,Priya Sharma,2025/11/01 10:22:00,N/A
836,Bengaluru,47,Female,Amit Gupta,2025/11/01 10:22:00,N/A
837,Bengaluru,49,Female,Vikram Verma,2025/11/01 10:22:00,N/A
838,Vijayawada,59,Male,Neha Reddy,2025/11/01 10:22:00,N/A
839,Vizag,20,Male,Ananya Rao,2025/11/01 10:22:00,N/A
840,Kochi,58,Female,Aditya Das,2025/11/01 10:22:00,N/A
841,Mumbai,59,Female,Meera Singh,2025/11/01 10:22:00,N/A
842,Hyderabad,32,Female,Neha Naidu,2025/11/01 10:22:00,N/A
843,Kochi,56,Female,Neha Singh,2025/11/01 10:22:00,N/A
844,Bengaluru,24,Male,Rahul Verma,2025/11/01 10:22:00,N/A
845,Pune,58,Female,Aarav Naidu,2025/11/01 10:22:00,N/A
846,Pune,24,Male,Lakshmi Singh,2025/11/01 10:22:00,N/A
847,Chennai,44,Male,Karthik Verma,2025/11/01 10:22:00,N/A
848,Mumbai,30,Male,Priya Das,2025/11/01 10:22:00,N/A
849,Vijayawada,30,Female,Amit Gupta,2025/11/01 10:22:00,N/A
850,Hyderabad,58,Male,Ananya Rao,2025/11/01 10:22:00,N/A
851,Kochi,50,Male,Sneha Verma,2025/11/01 10:22:00,N/A
852,Coimbatore,21,Female,Arjun Sharma,2025/11/01 10:22:00,N/A
853,Coimbatore,29,Male,Vikram Verma,2025/11/01 10:22:00,N/A
854,Vizag,60,Female,Diya Reddy,2025/11/01 10:22:00,N/A
855,Vizag,56,Male,Meera Rao,2025/11/01 10:22:00,N/A
856,Pune,36,Female,Priya Rao,2025/11/01 10:22:00,N/A
857,Vizag,56,Female,Diya Iyer,2025/11/01 10:22:00,N/A
858,Coimbatore,58,Male,Lakshmi Naidu,2025/11/01 10:22:00,N/A
859,Kochi,36,Female,Suresh Gupta,2025/11/01 10:22:00,N/A
860,Coimbatore,52,Female,Diya Iyer,2025/11/01 10:22:00,N/A
861,Coimbatore,48,Female,Ananya Naidu,2025/11/01 10:22:00,N/A
862,Vizag,18,Male,Lakshmi Patel,2025/11/01 10:22:00,N/A
863,Chennai,21,Male,Aarav Rao,2025/11/01 10:22:00,N/A
864,Chennai,36,Female,Suresh Patel,2025/11/01 10:22:00,N/A
865,Delhi,31,Male,Diya Sharma,2025/11/01 10:22:00,N/A
866,Bengaluru,57,Male,Rahul Verma,2025/11/01 10:22:00,N/A
867,Mumbai,50,Female,Lakshmi Rao,2025/11/01 10:22:00,N/A
868,Vizag,44,Female,Vihaan Rao,2025/11/01 10:22:00,N/A
869,Hyderabad,34,Male,Lakshmi Sharma,2025/11/01 10:22:00,N/A
870,Mumbai,58,Female,Nithya Verma,2025/11/01 10:22:00,N/A
871,Kochi,30,Male,Vikram Singh,2025/11/01 10:22:00,N/A
872,Chennai,22,Male,Kavya Verma,2025/11/01 10:22:00,N/A
873,Bengaluru,42,Male,Karthik Singh,2025/11/01 10:22:00,N/A
874,Coimbatore,34,Male,Pooja Patel,2025/11/01 10:22:00,N/A
875,Delhi,18,Female,Karthik Das,2025/11/01 10:22:00,N/A
876,Hyderabad,27,Female,Sneha Iyer,2025/11/01 10:22:00,N/A
877,Kochi,60,Female,Nithya Sharma,2025/11/01 10:22:00,N/A
878,Coimbatore,40,Male,Arjun Das,2025/11/01 10:22:00,N/A
879,Mumbai,29,Male,Neha Singh,2025/11/01 10:22:00,N/A
880,Vizag,52,Female,Meera Iyer,2025/11/01 10:22:00,N/A
881,Mumbai,31,Female,Aditya Naidu,2025/11/01 10:22:00,N/A
882,Delhi,31,Female,Neha Naidu,2025/11/01 10:22:00,N/A
883,Bengaluru,60,Female,Lakshmi Sharma,2025/11/01 10:22:00,N/A
884,Kochi,57,Male,Sneha Gupta,2025/11/01 10:22:00,N/A
885,Vizag,25,Female,Vihaan Naidu,2025/11/01 10:22:00,N/A
886,Delhi,19,Female,Priya Singh,2025/11/01 10:22:00,N/A
887,Vijayawada,49,Male,Meera Singh,2025/11/01 10:22:00,N/A
888,Pune,50,Male,Kavya Gupta,2025/11/01 10:22:00,N/A
889,Coimbatore,52,Male,Ananya Iyer,2025/11/01 10:22:00,N/A
890,Mumbai,45,Male,Aditya Gupta,2025/11/01 10:22:00,N/A
891,Vizag,59,Male,Suresh Singh,2025/11/01 10:22:00,N/A
892,Vijayawada,39,Male,Diya Sharma,2025/11/01 10:22:00,N/A
893,Hyderabad,29,Female,Aditya Reddy,2025/11/01 10:22:00,N/A
894,Kochi,32,Female,Lakshmi Reddy,2025/11/01 10:22:00,N/A
895,Vijayawada,58,Female,Pooja Rao,2025/11/01 10:22:00,N/A
896,Hyderabad,42,Male,Pooja Naidu,2025/11/01 10:22:00,N/A
897,Kochi,22,Male,Lakshmi Sharma,2025/11/01 10:22:00,N/A
898,Coimbatore,24,Female,Aditya Naidu,2025/11/01 10:22:00,N/A
899,Bengaluru,36,Female,Kavya Das,2025/11/01 10:22:00,N/A
900,Hyderabad,48,Male,Amit Rao,2025/11/01 10:22:00,N/A
901,Chennai,43,Female,Lakshmi Gupta,2025/11/01 10:22:00,N/A
902,Pune,18,Male,Diya Patel,2025/11/01 10:22:00,N/A
903,Hyderabad,54,Female,Ananya Sharma,2025/11/01 10:22:00,N/A
904,Bengaluru,37,Male,Lakshmi Singh,2025/11/01 10:22:00,N/A
905,Vizag,59,Male,Rahul Gupta,2025/11/01 10:22:00,N/A
906,Mumbai,57,Female,Karthik Iyer,2025/11/01 10:22:00,N/A
907,Chennai,60,Male,Suresh Reddy,2025/11/01 10:22:00,N/A
908,Coimbatore,22,Female,Lakshmi Verma,2025/11/01 10:22:00,N/A
909,Bengaluru,30,Female,Aditya Patel,2025/11/01 10:22:00,N/A
910,Chennai,60,Male,Neha Naidu,2025/11/01 10:22:00,N/A
911,Kochi,22,Male,Ananya Patel,2025/11/01 10:22:00,N/A
912,Vijayawada,39,Female,Neha Verma,2025/11/01 10:22:00,N/A
913,Kochi,54,Female,Vikram Iyer,2025/11/01 10:22:00,N/A
914,Chennai,18,Female,Neha Rao,2025/11/01 10:22:00,N/A
915,Vizag,35,Female,Ramesh Gupta,2025/11/01 10:22:00,N/A
916,Vijayawada,47,Female,Diya Naidu,2025/11/01 10:22:00,N/A
917,Vijayawada,53,Male,Rahul Patel,2025/11/01 10:22:00,N/A
918,Bengaluru,35,Male,Karthik Das,2025/11/01 10:22:00,N/A
919,Delhi,58,Male,Lakshmi Gupta,2025/11/01 10:22:00,N/A
920,Coimbatore,58,Male,Aditya Sharma,2025/11/01 10:22:00,N/A
921,Vizag,55,Male,Vikram Das,2025/11/01 10:22:00,N/A
922,Delhi,52,Female,Vihaan Singh,2025/11/01 10:22:00,N/A
923,Vizag,32,Female,Diya Naidu,2025/11/01 10:22:00,N/A
924,Coimbatore,50,Male,Diya Verma,2025/11/01 10:22:00,N/A
925,Coimbatore,18,Male,Amit Naidu,2025/11/01 10:22:00,N/A
926,Coimbatore,26,Female,Nithya Iyer,2025/11/01 10:22:00,N/A
927,Kochi,54,Male,Karthik Iyer,2025/11/01 10:22:00,N/A
928,Hyderabad,32,Female,Arjun Naidu,2025/11/01 10:22:00,N/A
929,Delhi,41,Male,Ramesh Reddy,2025/11/01 10:22:00,N/A
930,Coimbatore,41,Female,Vihaan Gupta,2025/11/01 10:22:00,N/A
931,Hyderabad,20,Female,Arjun Verma,2025/11/01 10:22:00,N/A
932,Delhi,34,Male,Ananya Singh,2025/11/01 10:22:00,N/A
933,Pune,55,Male,Amit Rao,2025/11/01 10:22:00,N/A
934,Vizag,32,Female,Meera Patel,2025/11/01 10:22:00,N/A
935,Vijayawada,48,Male,Rahul Naidu,2025/11/01 10:22:00,N/A
936,Vijayawada,28,Male,Meera Iyer,2025/11/01 10:22:00,N/A
937,Delhi,31,Male,Aditya Singh,2025/11/01 10:22:00,N/A
938,Pune,56,Male,Karthik Iyer,2025/11/01 10:22:00,N/A
939,Pune,25,Female,Ramesh Rao,2025/11/01 10:22:00,N/A
940,Mumbai,55,Male,Arjun Verma,2025/11/01 10:22:00,N/A
941,Mumbai,20,Male,Pooja Sharma,2025/11/01 10:22:00,N/A
942,Chennai,26,Male,Vikram Das,2025/11/01 10:22:00,N/A
943,Hyderabad,28,Female,Vikram Iyer,2025/11/01 10:22:00,N/A
944,Vizag,56,Male,Karthik Singh,2025/11/01 10:22:00,N/A
945,Mumbai,46,Female,Kavya Reddy,2025/11/01 10:22:00,N/A
946,Mumbai,44,Male,Arjun Iyer,2025/11/01 10:22:00,N/A
947,Kochi,60,Female,Vikram Iyer,2025/11/01 10:22:00,N/A
948,Vijayawada,56,Male,Karthik Naidu,2025/11/01 10:22:00,N/A
949,Vizag,26,Male,Ramesh Rao,2025/11/01 10:22:00,N/A
950,Coimbatore,50,Female,Aarav Gupta,2025/11/01 10:22:00,N/A
951,Bengaluru,29,Female,Diya Das,2025/11/01 10:22:00,N/A
952,Hyderabad,52,Male,Nithya Das,2025/11/01 10:22:00,N/A
953,Chennai,56,Male,Aditya Verma,2025/11/01 10:22:00,N/A
954,Vizag,41,Male,Pooja Singh,2025/11/01 10:22:00,N/A
955,Mumbai,48,Female,Meera Rao,2025/11/01 10:22:00,N/A
956,Kochi,24,Female,Rahul Das,2025/11/01 10:22:00,N/A
957,Vijayawada,32,Male,Diya Patel,2025/11/01 10:22:00,N/A
958,Coimbatore,44,Female,Kavya Das,2025/11/01 10:22:00,N/A
959,Hyderabad,54,Male,Suresh Sharma,2025/11/01 10:22:00,N/A
960,Vizag,59,Male,Meera Sharma,2025/11/01 10:22:00,N/A
961,Pune,24,Male,Neha Rao,2025/11/01 10:22:00,N/A
962,Delhi,34,Female,Pooja Das,2025/11/01 10:22:00,N/A
963,Kochi,35,Female,Vikram Naidu,2025/11/01 10:22:00,N/A
964,Coimbatore,53,Female,Suresh Rao,2025/11/01 10:22:00,N/A
965,Coimbatore,53,Female,Karthik Naidu,2025/11/01 10:22:00,N/A
966,Kochi,40,Female,Priya Patel,2025/11/01 10:22:00,N/A
967,Mumbai,46,Male,Diya Reddy,2025/11/01 10:22:00,N/A
968,Coimbatore,43,Female,Ananya Gupta,2025/11/01 10:22:00,N/A
969,Hyderabad,28,Female,Lakshmi Das,2025/11/01 10:22:00,N/A
970,Chennai,48,Female,Aarav Reddy,2025/11/01 10:22:00,N/A
971,Delhi,32,Female,Aditya Reddy,2025/11/01 10:22:00,N/A
972,Hyderabad,42,Female,Aditya Das,2025/11/01 10:22:00,N/A
973,Delhi,56,Male,Nithya Singh,2025/11/01 10:22:00,N/A
974,Vijayawada,18,Male,Karthik Verma,2025/11/01 10:22:00,N/A
975,Mumbai,20,Male,Meera Patel,2025/11/01 10:22:00,N/A
976,Hyderabad,41,Male,Nithya Iyer,2025/11/01 10:22:00,N/A
977,Bengaluru,35,Female,Aarav Iyer,2025/11/01 10:22:00,N/A
978,Vizag,55,Male,Rahul Rao,2025/11/01 10:22:00,N/A
979,Bengaluru,23,Female,Meera Sharma,2025/11/01 10:22:00,N/A
980,Pune,40,Female,Lakshmi Das,2025/11/01 10:22:00,N/A
981,Mumbai,47,Female,Ramesh Das,2025/11/01 10:22:00,N/A
982,Delhi,29,Female,Vikram Sharma,2025/11/01 10:22:00,N/A
983,Coimbatore,22,Female,Meera Reddy,2025/11/01 10:22:00,N/A
984,Coimbatore,34,Female,Neha Reddy,2025/11/01 10:22:00,N/A
985,Kochi,48,Male,Sneha Rao,2025/11/01 10:22:00,N/A
986,Vijayawada,55,Male,Neha Verma,2025/11/01 10:22:00,N/A
987,Delhi,22,Female,Arjun Reddy,2025/11/01 10:22:00,N/A
988,Pune,44,Female,Ramesh Gupta,2025/11/01 10:22:00,N/A
989,Hyderabad,34,Male,Meera Singh,2025/11/01 10:22:00,N/A
990,Vizag,39,Male,Kavya Reddy,2025/11/01 10:22:00,N/A
991,Vijayawada,38,Female,Lakshmi Iyer,2025/11/01 10:22:00,N/A
992,Delhi,29,Male,Suresh Das,2025/11/01 10:22:00,N/A
993,Mumbai,33,Female,Arjun Gupta,2025/11/01 10:22:00,N/A
994,Mumbai,33,Female,Suresh Gupta,2025/11/01 10:22:00,N/A
995,Bengaluru,23,Female,Diya Reddy,2025/11/01 10:22:00,N/A
996,Coimbatore,20,Female,Nithya Sharma,2025/11/01 10:22:00,N/A
997,Pune,49,Female,Rahul Das,2025/11/01 10:22:00,N/A
998,Coimbatore,35,Female,Arjun Iyer,2025/11/01 10:22:00,N/A
999,Chennai,21,Female,Ramesh Das,2025/11/01 10:22:00,N/A
1000,Hyderabad,50,Female,Arjun Singh,2025/11/01 10:22:00,N/A
